<?xml version='1.0' encoding='UTF-8' standalone='yes' ?>
<hierarchy index="0" class="hierarchy" rotation="0" width="720" height="1467">
  <android.widget.FrameLayout index="0" package="com.juvomos.pos" class="android.widget.FrameLayout" text="" checkable="false" checked="false" clickable="false" enabled="true" focusable="false" focused="false" long-clickable="false" password="false" scrollable="false" selected="false" bounds="[0,45][720,1600]" displayed="true" a11y-important="true" screen-reader-focusable="false" drawing-order="0" showing-hint="false" text-entry-key="false" dismissable="false" a11y-focused="false" heading="false" live-region="0" context-clickable="false" content-invalid="false" pane-title="" window-id="6138">
    <android.widget.LinearLayout index="0" package="com.juvomos.pos" class="android.widget.LinearLayout" text="" checkable="false" checked="false" clickable="false" enabled="true" focusable="false" focused="false" long-clickable="false" password="false" scrollable="false" selected="false" bounds="[0,45][720,1510]" displayed="true" a11y-important="false" screen-reader-focusable="false" drawing-order="1" showing-hint="false" text-entry-key="false" dismissable="false" a11y-focused="false" heading="false" live-region="0" context-clickable="false" content-invalid="false" window-id="6138">
      <android.widget.FrameLayout index="0" package="com.juvomos.pos" class="android.widget.FrameLayout" text="" checkable="false" checked="false" clickable="false" enabled="true" focusable="false" focused="false" long-clickable="false" password="false" scrollable="false" selected="false" bounds="[0,45][720,1510]" displayed="true" a11y-important="false" screen-reader-focusable="false" drawing-order="2" showing-hint="false" text-entry-key="false" dismissable="false" a11y-focused="false" heading="false" live-region="0" context-clickable="false" content-invalid="false" window-id="6138">
        <android.widget.LinearLayout index="0" package="com.juvomos.pos" class="android.widget.LinearLayout" text="" resource-id="com.juvomos.pos:id/action_bar_root" checkable="false" checked="false" clickable="false" enabled="true" focusable="false" focused="false" long-clickable="false" password="false" scrollable="false" selected="false" bounds="[0,45][720,1510]" displayed="true" a11y-important="false" screen-reader-focusable="false" drawing-order="1" showing-hint="false" text-entry-key="false" dismissable="false" a11y-focused="false" heading="false" live-region="0" context-clickable="false" content-invalid="false" window-id="6138">
          <android.widget.FrameLayout index="0" package="com.juvomos.pos" class="android.widget.FrameLayout" text="" resource-id="android:id/content" checkable="false" checked="false" clickable="false" enabled="true" focusable="false" focused="false" long-clickable="false" password="false" scrollable="false" selected="false" bounds="[0,45][720,1510]" displayed="true" a11y-important="false" screen-reader-focusable="false" drawing-order="2" showing-hint="false" text-entry-key="false" dismissable="false" a11y-focused="false" heading="false" live-region="0" context-clickable="false" content-invalid="false" window-id="6138">
            <androidx.drawerlayout.widget.DrawerLayout index="0" package="com.juvomos.pos" class="androidx.drawerlayout.widget.DrawerLayout" text="" resource-id="com.juvomos.pos:id/idDrawerLayout" checkable="false" checked="false" clickable="false" enabled="true" focusable="false" focused="false" long-clickable="false" password="false" scrollable="false" selected="false" bounds="[0,45][720,1510]" displayed="true" a11y-important="true" screen-reader-focusable="false" drawing-order="1" showing-hint="false" text-entry-key="false" dismissable="false" a11y-focused="false" heading="false" live-region="0" context-clickable="false" content-invalid="false" window-id="6138">
              <android.view.ViewGroup index="0" package="com.juvomos.pos" class="android.view.ViewGroup" text="" resource-id="com.juvomos.pos:id/app_bar_main" checkable="false" checked="false" clickable="false" enabled="true" focusable="false" focused="false" long-clickable="false" password="false" scrollable="false" selected="false" bounds="[0,45][720,1510]" displayed="true" a11y-important="true" screen-reader-focusable="false" drawing-order="1" showing-hint="false" text-entry-key="false" dismissable="false" a11y-focused="false" heading="false" live-region="0" context-clickable="false" content-invalid="false" window-id="6138">
                <android.view.ViewGroup index="0" package="com.juvomos.pos" class="android.view.ViewGroup" text="" resource-id="com.juvomos.pos:id/layout_toolbar_general" checkable="false" checked="false" clickable="false" enabled="true" focusable="false" focused="false" long-clickable="false" password="false" scrollable="false" selected="false" bounds="[0,45][720,150]" displayed="true" a11y-important="false" screen-reader-focusable="false" drawing-order="2" showing-hint="false" text-entry-key="false" dismissable="false" a11y-focused="false" heading="false" live-region="0" context-clickable="false" content-invalid="false" window-id="6138">
                  <android.widget.ImageButton index="0" package="com.juvomos.pos" class="android.widget.ImageButton" text="" content-desc="Navegar hacia arriba" checkable="false" checked="false" clickable="true" enabled="true" focusable="true" focused="false" long-clickable="false" password="false" scrollable="false" selected="false" bounds="[0,45][105,150]" displayed="true" a11y-important="true" screen-reader-focusable="false" drawing-order="3" showing-hint="false" text-entry-key="false" dismissable="false" a11y-focused="false" heading="false" live-region="0" context-clickable="false" content-invalid="false" tooltip-text="Navegar hacia arriba" window-id="6138" />
                  <android.widget.ImageView index="1" package="com.juvomos.pos" class="android.widget.ImageView" text="" checkable="false" checked="false" clickable="false" enabled="true" focusable="false" focused="false" long-clickable="false" password="false" scrollable="false" selected="false" bounds="[135,64][418,130]" displayed="true" a11y-important="false" screen-reader-focusable="false" drawing-order="1" showing-hint="false" text-entry-key="false" dismissable="false" a11y-focused="false" heading="false" live-region="0" context-clickable="false" content-invalid="false" window-id="6138" />
                  <androidx.appcompat.widget.LinearLayoutCompat index="2" package="com.juvomos.pos" class="androidx.appcompat.widget.LinearLayoutCompat" text="" checkable="false" checked="false" clickable="false" enabled="true" focusable="false" focused="false" long-clickable="false" password="false" scrollable="false" selected="false" bounds="[462,45][720,150]" displayed="true" a11y-important="false" screen-reader-focusable="false" drawing-order="2" showing-hint="false" text-entry-key="false" dismissable="false" a11y-focused="false" heading="false" live-region="0" context-clickable="false" content-invalid="false" window-id="6138">
                    <android.widget.Button index="0" package="com.juvomos.pos" class="android.widget.Button" text="" content-desc="Encendido" resource-id="com.juvomos.pos:id/menuButtonSettings" checkable="false" checked="false" clickable="true" enabled="true" focusable="true" focused="false" long-clickable="false" password="false" scrollable="false" selected="false" bounds="[462,52][553,142]" displayed="true" a11y-important="true" screen-reader-focusable="false" drawing-order="1" showing-hint="false" text-entry-key="false" dismissable="false" a11y-focused="false" heading="false" live-region="0" context-clickable="false" content-invalid="false" tooltip-text="Encendido" window-id="6138" />
                    <android.widget.Button index="1" package="com.juvomos.pos" class="android.widget.Button" text="" content-desc="Encendido" resource-id="com.juvomos.pos:id/idConnectionOnButton" checkable="false" checked="false" clickable="true" enabled="true" focusable="true" focused="false" long-clickable="false" password="false" scrollable="false" selected="false" bounds="[553,52][645,142]" displayed="true" a11y-important="true" screen-reader-focusable="false" drawing-order="2" showing-hint="false" text-entry-key="false" dismissable="false" a11y-focused="false" heading="false" live-region="0" context-clickable="false" content-invalid="false" tooltip-text="Encendido" window-id="6138" />
                    <android.widget.ImageView index="2" package="com.juvomos.pos" class="android.widget.ImageView" text="" content-desc="Más opciones" checkable="false" checked="false" clickable="true" enabled="true" focusable="true" focused="false" long-clickable="true" password="false" scrollable="false" selected="false" bounds="[645,52][720,142]" displayed="true" a11y-important="true" screen-reader-focusable="false" drawing-order="3" showing-hint="false" text-entry-key="false" dismissable="false" a11y-focused="false" heading="false" live-region="0" context-clickable="false" content-invalid="false" tooltip-text="Más opciones" window-id="6138" />
                  </androidx.appcompat.widget.LinearLayoutCompat>
                </android.view.ViewGroup>
                <android.view.ViewGroup index="1" package="com.juvomos.pos" class="android.view.ViewGroup" text="" checkable="false" checked="false" clickable="false" enabled="true" focusable="false" focused="false" long-clickable="false" password="false" scrollable="false" selected="false" bounds="[0,176][720,1510]" displayed="true" a11y-important="false" screen-reader-focusable="false" drawing-order="1" showing-hint="false" text-entry-key="false" dismissable="false" a11y-focused="false" heading="false" live-region="0" context-clickable="false" content-invalid="false" window-id="6138">
                  <android.widget.FrameLayout index="0" package="com.juvomos.pos" class="android.widget.FrameLayout" text="" resource-id="com.juvomos.pos:id/idContainerFragmentNavigation" checkable="false" checked="false" clickable="false" enabled="true" focusable="false" focused="false" long-clickable="false" password="false" scrollable="false" selected="false" bounds="[0,176][720,1510]" displayed="true" a11y-important="false" screen-reader-focusable="false" drawing-order="1" showing-hint="false" text-entry-key="false" dismissable="false" a11y-focused="false" heading="false" live-region="0" context-clickable="false" content-invalid="false" window-id="6138">
                    <android.widget.FrameLayout index="0" package="com.juvomos.pos" class="android.widget.FrameLayout" text="" resource-id="com.juvomos.pos:id/idContainerFragmentNavigation" checkable="false" checked="false" clickable="false" enabled="true" focusable="false" focused="false" long-clickable="false" password="false" scrollable="false" selected="false" bounds="[0,176][720,1510]" displayed="true" a11y-important="false" screen-reader-focusable="false" drawing-order="1" showing-hint="false" text-entry-key="false" dismissable="false" a11y-focused="false" heading="false" live-region="0" context-clickable="false" content-invalid="false" window-id="6138">
                      <android.view.ViewGroup index="0" package="com.juvomos.pos" class="android.view.ViewGroup" text="" checkable="false" checked="false" clickable="false" enabled="true" focusable="false" focused="false" long-clickable="false" password="false" scrollable="false" selected="false" bounds="[0,176][720,1510]" displayed="true" a11y-important="false" screen-reader-focusable="false" drawing-order="1" showing-hint="false" text-entry-key="false" dismissable="false" a11y-focused="false" heading="false" live-region="0" context-clickable="false" content-invalid="false" window-id="6138">
                        <android.widget.LinearLayout index="0" package="com.juvomos.pos" class="android.widget.LinearLayout" text="" resource-id="com.juvomos.pos:id/recallContainerLeft" checkable="false" checked="false" clickable="false" enabled="true" focusable="false" focused="false" long-clickable="false" password="false" scrollable="false" selected="false" bounds="[19,195][701,1491]" displayed="true" a11y-important="false" screen-reader-focusable="false" drawing-order="1" showing-hint="false" text-entry-key="false" dismissable="false" a11y-focused="false" heading="false" live-region="0" context-clickable="false" content-invalid="false" window-id="6138">
                          <android.widget.ImageView index="0" package="com.juvomos.pos" class="android.widget.ImageView" text="" resource-id="com.juvomos.pos:id/imgCloseButton" checkable="false" checked="false" clickable="true" enabled="true" focusable="false" focused="false" long-clickable="false" password="false" scrollable="false" selected="false" bounds="[635,214][682,261]" displayed="true" a11y-important="true" screen-reader-focusable="false" drawing-order="1" showing-hint="false" text-entry-key="false" dismissable="false" a11y-focused="false" heading="false" live-region="0" context-clickable="false" content-invalid="false" window-id="6138" />
                          <android.view.ViewGroup index="1" package="com.juvomos.pos" class="android.view.ViewGroup" text="" resource-id="com.juvomos.pos:id/idTicketToolbar" checkable="false" checked="false" clickable="false" enabled="true" focusable="false" focused="false" long-clickable="false" password="false" scrollable="false" selected="false" bounds="[38,261][682,507]" displayed="true" a11y-important="false" screen-reader-focusable="false" drawing-order="2" showing-hint="false" text-entry-key="false" dismissable="false" a11y-focused="false" heading="false" live-region="0" context-clickable="false" content-invalid="false" window-id="6138">
                            <android.widget.LinearLayout index="0" package="com.juvomos.pos" class="android.widget.LinearLayout" text="" resource-id="com.juvomos.pos:id/linearLayout22" checkable="false" checked="false" clickable="false" enabled="true" focusable="false" focused="false" long-clickable="false" password="false" scrollable="false" selected="false" bounds="[46,269][674,363]" displayed="true" a11y-important="false" screen-reader-focusable="false" drawing-order="1" showing-hint="false" text-entry-key="false" dismissable="false" a11y-focused="false" heading="false" live-region="0" context-clickable="false" content-invalid="false" window-id="6138">
                              <android.widget.Button index="0" package="com.juvomos.pos" class="android.widget.Button" text="Cuenta #1" resource-id="com.juvomos.pos:id/txtTicketNumber" checkable="false" checked="false" clickable="true" enabled="true" focusable="true" focused="false" long-clickable="false" password="false" scrollable="false" selected="false" bounds="[61,269][228,363]" displayed="true" a11y-important="true" screen-reader-focusable="false" drawing-order="1" showing-hint="false" text-entry-key="false" dismissable="false" a11y-focused="false" heading="false" live-region="0" context-clickable="false" content-invalid="false" window-id="6138" />
                              <android.widget.Button index="1" package="com.juvomos.pos" class="android.widget.Button" text="Pick Up" resource-id="com.juvomos.pos:id/textOrderType" checkable="false" checked="false" clickable="true" enabled="true" focusable="true" focused="false" long-clickable="false" password="false" scrollable="false" selected="false" bounds="[237,269][427,363]" displayed="true" a11y-important="true" screen-reader-focusable="false" drawing-order="2" showing-hint="false" text-entry-key="false" dismissable="false" a11y-focused="false" heading="false" live-region="0" context-clickable="false" content-invalid="false" window-id="6138" />
                              <android.widget.Button index="2" package="com.juvomos.pos" class="android.widget.Button" text="Empleado" resource-id="com.juvomos.pos:id/ticketEmployeeName" checkable="false" checked="false" clickable="true" enabled="true" focusable="true" focused="false" long-clickable="false" password="false" scrollable="false" selected="false" bounds="[442,269][661,363]" displayed="true" a11y-important="true" screen-reader-focusable="false" drawing-order="3" showing-hint="false" text-entry-key="false" dismissable="false" a11y-focused="false" heading="false" live-region="0" context-clickable="false" content-invalid="false" window-id="6138" />
                            </android.widget.LinearLayout>
                            <android.widget.LinearLayout index="1" package="com.juvomos.pos" class="android.widget.LinearLayout" text="" resource-id="com.juvomos.pos:id/linearLayout18" checkable="false" checked="false" clickable="false" enabled="true" focusable="false" focused="false" long-clickable="false" password="false" scrollable="false" selected="false" bounds="[46,363][674,405]" displayed="true" a11y-important="false" screen-reader-focusable="false" drawing-order="2" showing-hint="false" text-entry-key="false" dismissable="false" a11y-focused="false" heading="false" live-region="0" context-clickable="false" content-invalid="false" window-id="6138">
                              <android.view.View index="0" package="com.juvomos.pos" class="android.view.View" text="" checkable="false" checked="false" clickable="false" enabled="true" focusable="false" focused="false" long-clickable="false" password="false" scrollable="false" selected="false" bounds="[61,369][659,371]" displayed="true" a11y-important="false" screen-reader-focusable="false" drawing-order="1" showing-hint="false" text-entry-key="false" dismissable="false" a11y-focused="false" heading="false" live-region="0" context-clickable="false" content-invalid="false" window-id="6138" />
                              <android.widget.TextView index="1" package="com.juvomos.pos" class="android.widget.TextView" text="Opciones de Cuentas" checkable="false" checked="false" clickable="false" enabled="true" focusable="false" focused="false" long-clickable="false" password="false" scrollable="false" selected="false" bounds="[61,371][659,405]" displayed="true" a11y-important="true" screen-reader-focusable="false" drawing-order="2" showing-hint="false" text-entry-key="false" dismissable="false" a11y-focused="false" heading="false" live-region="0" context-clickable="false" content-invalid="false" window-id="6138" />
                            </android.widget.LinearLayout>
                            <android.widget.LinearLayout index="2" package="com.juvomos.pos" class="android.widget.LinearLayout" text="" resource-id="com.juvomos.pos:id/linearLayout19" checkable="false" checked="false" clickable="false" enabled="true" focusable="false" focused="false" long-clickable="false" password="false" scrollable="false" selected="false" bounds="[46,405][674,499]" displayed="true" a11y-important="false" screen-reader-focusable="false" drawing-order="3" showing-hint="false" text-entry-key="false" dismissable="false" a11y-focused="false" heading="false" live-region="0" context-clickable="false" content-invalid="false" window-id="6138">
                              <android.widget.Button index="0" package="com.juvomos.pos" class="android.widget.Button" text="Cliente" resource-id="com.juvomos.pos:id/ticketCustomerName" checkable="false" checked="false" clickable="true" enabled="true" focusable="true" focused="false" long-clickable="false" password="false" scrollable="false" selected="false" bounds="[61,405][200,499]" displayed="true" a11y-important="true" screen-reader-focusable="false" drawing-order="1" showing-hint="false" text-entry-key="false" dismissable="false" a11y-focused="false" heading="false" live-region="0" context-clickable="false" content-invalid="false" window-id="6138" />
                              <android.widget.Button index="1" package="com.juvomos.pos" class="android.widget.Button" text="Mesa #" resource-id="com.juvomos.pos:id/ticketTable" checkable="false" checked="false" clickable="true" enabled="true" focusable="true" focused="false" long-clickable="false" password="false" scrollable="false" selected="false" bounds="[209,405][353,499]" displayed="true" a11y-important="true" screen-reader-focusable="false" drawing-order="2" showing-hint="false" text-entry-key="false" dismissable="false" a11y-focused="false" heading="false" live-region="0" context-clickable="false" content-invalid="false" window-id="6138" />
                              <android.widget.Button index="2" package="com.juvomos.pos" class="android.widget.Button" text="0 Personas" resource-id="com.juvomos.pos:id/guestsNumber" checkable="false" checked="false" clickable="true" enabled="true" focusable="true" focused="false" long-clickable="false" password="false" scrollable="false" selected="false" bounds="[362,405][506,499]" displayed="true" a11y-important="true" screen-reader-focusable="false" drawing-order="3" showing-hint="false" text-entry-key="false" dismissable="false" a11y-focused="false" heading="false" live-region="0" context-clickable="false" content-invalid="false" window-id="6138" />
                              <android.widget.Button index="3" package="com.juvomos.pos" class="android.widget.Button" text="Cuenta" resource-id="com.juvomos.pos:id/idNameValueText" checkable="false" checked="false" clickable="true" enabled="true" focusable="true" focused="false" long-clickable="false" password="false" scrollable="false" selected="false" bounds="[515,405][659,499]" displayed="true" a11y-important="true" screen-reader-focusable="false" drawing-order="4" showing-hint="false" text-entry-key="false" dismissable="false" a11y-focused="false" heading="false" live-region="0" context-clickable="false" content-invalid="false" window-id="6138" />
                            </android.widget.LinearLayout>
                          </android.view.ViewGroup>
                          <android.widget.LinearLayout index="2" package="com.juvomos.pos" class="android.widget.LinearLayout" text="" checkable="false" checked="false" clickable="false" enabled="true" focusable="false" focused="false" long-clickable="false" password="false" scrollable="false" selected="false" bounds="[38,526][682,1273]" displayed="true" a11y-important="false" screen-reader-focusable="false" drawing-order="3" showing-hint="false" text-entry-key="false" dismissable="false" a11y-focused="false" heading="false" live-region="0" context-clickable="false" content-invalid="false" window-id="6138">
                            <android.widget.LinearLayout index="0" package="com.juvomos.pos" class="android.widget.LinearLayout" text="" checkable="false" checked="false" clickable="false" enabled="true" focusable="false" focused="false" long-clickable="false" password="false" scrollable="false" selected="false" bounds="[57,545][663,583]" displayed="true" a11y-important="false" screen-reader-focusable="false" drawing-order="1" showing-hint="false" text-entry-key="false" dismissable="false" a11y-focused="false" heading="false" live-region="0" context-clickable="false" content-invalid="false" window-id="6138">
                              <android.widget.TextView index="0" package="com.juvomos.pos" class="android.widget.TextView" text="Cnt." checkable="false" checked="false" clickable="false" enabled="true" focusable="false" focused="false" long-clickable="false" password="false" scrollable="false" selected="false" bounds="[57,545][143,583]" displayed="true" a11y-important="true" screen-reader-focusable="false" drawing-order="1" showing-hint="false" text-entry-key="false" dismissable="false" a11y-focused="false" heading="false" live-region="0" context-clickable="false" content-invalid="false" window-id="6138" />
                              <android.widget.TextView index="1" package="com.juvomos.pos" class="android.widget.TextView" text="Descripcion" checkable="false" checked="false" clickable="false" enabled="true" focusable="false" focused="false" long-clickable="false" password="false" scrollable="false" selected="false" bounds="[143,545][576,583]" displayed="true" a11y-important="true" screen-reader-focusable="false" drawing-order="2" showing-hint="false" text-entry-key="false" dismissable="false" a11y-focused="false" heading="false" live-region="0" context-clickable="false" content-invalid="false" window-id="6138" />
                              <android.widget.TextView index="2" package="com.juvomos.pos" class="android.widget.TextView" text="Total" checkable="false" checked="false" clickable="false" enabled="true" focusable="false" focused="false" long-clickable="false" password="false" scrollable="false" selected="false" bounds="[576,545][663,583]" displayed="true" a11y-important="true" screen-reader-focusable="false" drawing-order="3" showing-hint="false" text-entry-key="false" dismissable="false" a11y-focused="false" heading="false" live-region="0" context-clickable="false" content-invalid="false" window-id="6138" />
                            </android.widget.LinearLayout>
                            <android.view.View index="1" package="com.juvomos.pos" class="android.view.View" text="" resource-id="com.juvomos.pos:id/idHeaderDividerSection" checkable="false" checked="false" clickable="false" enabled="true" focusable="false" focused="false" long-clickable="false" password="false" scrollable="false" selected="false" bounds="[57,583][663,586]" displayed="true" a11y-important="false" screen-reader-focusable="false" drawing-order="2" showing-hint="false" text-entry-key="false" dismissable="false" a11y-focused="false" heading="false" live-region="0" context-clickable="false" content-invalid="false" window-id="6138" />
                            <androidx.recyclerview.widget.RecyclerView index="2" package="com.juvomos.pos" class="androidx.recyclerview.widget.RecyclerView" text="" resource-id="com.juvomos.pos:id/recallCheckDetailRecycler" checkable="false" checked="false" clickable="false" enabled="true" focusable="true" focused="false" long-clickable="false" password="false" scrollable="false" selected="false" bounds="[57,605][663,1106]" displayed="true" a11y-important="true" screen-reader-focusable="false" drawing-order="3" showing-hint="false" text-entry-key="false" dismissable="false" a11y-focused="false" heading="false" live-region="0" context-clickable="false" content-invalid="false" window-id="6138">
                              <android.view.ViewGroup index="0" package="com.juvomos.pos" class="android.view.ViewGroup" text="" checkable="false" checked="false" clickable="true" enabled="true" focusable="false" focused="false" long-clickable="false" password="false" scrollable="false" selected="false" bounds="[57,605][663,789]" displayed="true" a11y-important="true" screen-reader-focusable="false" drawing-order="1" showing-hint="false" text-entry-key="false" dismissable="false" a11y-focused="false" heading="false" live-region="0" context-clickable="false" content-invalid="false" window-id="6138">
                                <androidx.recyclerview.widget.RecyclerView index="0" package="com.juvomos.pos" class="androidx.recyclerview.widget.RecyclerView" text="" resource-id="com.juvomos.pos:id/idTicketListRecycler" checkable="false" checked="false" clickable="false" enabled="true" focusable="true" focused="false" long-clickable="false" password="false" scrollable="false" selected="false" bounds="[57,614][663,780]" displayed="true" a11y-important="true" screen-reader-focusable="false" drawing-order="2" showing-hint="false" text-entry-key="false" dismissable="false" a11y-focused="false" heading="false" live-region="0" context-clickable="false" content-invalid="false" window-id="6138">
                                  <android.view.ViewGroup index="0" package="com.juvomos.pos" class="android.view.ViewGroup" text="" checkable="false" checked="false" clickable="true" enabled="true" focusable="false" focused="false" long-clickable="true" password="false" scrollable="false" selected="false" bounds="[57,614][663,689]" displayed="true" a11y-important="true" screen-reader-focusable="false" drawing-order="1" showing-hint="false" text-entry-key="false" dismissable="false" a11y-focused="false" heading="false" live-region="0" context-clickable="false" content-invalid="false" window-id="6138">
                                    <android.widget.LinearLayout index="0" package="com.juvomos.pos" class="android.widget.LinearLayout" text="" resource-id="com.juvomos.pos:id/linearLayout23" checkable="false" checked="false" clickable="false" enabled="true" focusable="false" focused="false" long-clickable="false" password="false" scrollable="false" selected="false" bounds="[65,614][655,689]" displayed="true" a11y-important="false" screen-reader-focusable="false" drawing-order="1" showing-hint="false" text-entry-key="false" dismissable="false" a11y-focused="false" heading="false" live-region="0" context-clickable="false" content-invalid="false" window-id="6138">
                                      <android.widget.TextView index="0" package="com.juvomos.pos" class="android.widget.TextView" text="1" resource-id="com.juvomos.pos:id/itemInvoiceQuantity" checkable="false" checked="false" clickable="false" enabled="true" focusable="false" focused="false" long-clickable="false" password="false" scrollable="false" selected="false" bounds="[65,614][103,689]" displayed="true" a11y-important="true" screen-reader-focusable="false" drawing-order="1" showing-hint="false" text-entry-key="false" dismissable="false" a11y-focused="false" heading="false" live-region="0" context-clickable="false" content-invalid="false" window-id="6138" />
                                      <android.widget.LinearLayout index="1" package="com.juvomos.pos" class="android.widget.LinearLayout" text="" checkable="false" checked="false" clickable="false" enabled="true" focusable="false" focused="false" long-clickable="false" password="false" scrollable="false" selected="false" bounds="[103,614][655,689]" displayed="true" a11y-important="false" screen-reader-focusable="false" drawing-order="2" showing-hint="false" text-entry-key="false" dismissable="false" a11y-focused="false" heading="false" live-region="0" context-clickable="false" content-invalid="false" window-id="6138">
                                        <android.widget.LinearLayout index="0" package="com.juvomos.pos" class="android.widget.LinearLayout" text="" checkable="false" checked="false" clickable="false" enabled="true" focusable="false" focused="false" long-clickable="false" password="false" scrollable="false" selected="false" bounds="[103,614][655,655]" displayed="true" a11y-important="false" screen-reader-focusable="false" drawing-order="1" showing-hint="false" text-entry-key="false" dismissable="false" a11y-focused="false" heading="false" live-region="0" context-clickable="false" content-invalid="false" window-id="6138">
                                          <android.widget.TextView index="0" package="com.juvomos.pos" class="android.widget.TextView" text="Burger Tender " resource-id="com.juvomos.pos:id/itemInvoiceName" checkable="false" checked="false" clickable="false" enabled="true" focusable="false" focused="false" long-clickable="false" password="false" scrollable="false" selected="false" bounds="[103,618][440,651]" displayed="true" a11y-important="true" screen-reader-focusable="false" drawing-order="1" showing-hint="false" text-entry-key="false" dismissable="false" a11y-focused="false" heading="false" live-region="0" context-clickable="false" content-invalid="false" window-id="6138" />
                                          <android.widget.LinearLayout index="1" package="com.juvomos.pos" class="android.widget.LinearLayout" text="" checkable="false" checked="false" clickable="false" enabled="true" focusable="false" focused="false" long-clickable="false" password="false" scrollable="false" selected="false" bounds="[440,614][552,655]" displayed="true" a11y-important="false" screen-reader-focusable="false" drawing-order="2" showing-hint="false" text-entry-key="false" dismissable="false" a11y-focused="false" heading="false" live-region="0" context-clickable="false" content-invalid="false" window-id="6138">
                                            <android.widget.ImageView index="0" package="com.juvomos.pos" class="android.widget.ImageView" text="" content-desc="Cancelar cuenta" resource-id="com.juvomos.pos:id/imageSend" checkable="false" checked="false" clickable="false" enabled="true" focusable="false" focused="false" long-clickable="false" password="false" scrollable="false" selected="false" bounds="[483,621][509,647]" displayed="true" a11y-important="true" screen-reader-focusable="false" drawing-order="4" showing-hint="false" text-entry-key="false" dismissable="false" a11y-focused="false" heading="false" live-region="0" context-clickable="false" content-invalid="false" window-id="6138" />
                                          </android.widget.LinearLayout>
                                          <android.widget.TextView index="2" package="com.juvomos.pos" class="android.widget.TextView" text="$8.30" resource-id="com.juvomos.pos:id/itemInvoicePrice" checkable="false" checked="false" clickable="false" enabled="true" focusable="false" focused="false" long-clickable="false" password="false" scrollable="false" selected="false" bounds="[552,614][654,655]" displayed="true" a11y-important="true" screen-reader-focusable="false" drawing-order="3" showing-hint="false" text-entry-key="false" dismissable="false" a11y-focused="false" heading="false" live-region="0" context-clickable="false" content-invalid="false" window-id="6138" />
                                        </android.widget.LinearLayout>
                                        <android.widget.LinearLayout index="1" package="com.juvomos.pos" class="android.widget.LinearLayout" text="" checkable="false" checked="false" clickable="false" enabled="true" focusable="false" focused="false" long-clickable="false" password="false" scrollable="false" selected="false" bounds="[103,655][655,689]" displayed="true" a11y-important="false" screen-reader-focusable="false" drawing-order="2" showing-hint="false" text-entry-key="false" dismissable="false" a11y-focused="false" heading="false" live-region="0" context-clickable="false" content-invalid="false" window-id="6138">
                                          <android.widget.TextView index="0" package="com.juvomos.pos" class="android.widget.TextView" text="$8.30" resource-id="com.juvomos.pos:id/itemInvoiceTotal" checkable="false" checked="false" clickable="false" enabled="true" focusable="false" focused="false" long-clickable="false" password="false" scrollable="false" selected="false" bounds="[103,655][655,689]" displayed="true" a11y-important="true" screen-reader-focusable="false" drawing-order="1" showing-hint="false" text-entry-key="false" dismissable="false" a11y-focused="false" heading="false" live-region="0" context-clickable="false" content-invalid="false" window-id="6138" />
                                        </android.widget.LinearLayout>
                                      </android.widget.LinearLayout>
                                    </android.widget.LinearLayout>
                                  </android.view.ViewGroup>
                                  <android.view.ViewGroup index="1" package="com.juvomos.pos" class="android.view.ViewGroup" text="" checkable="false" checked="false" clickable="true" enabled="true" focusable="false" focused="false" long-clickable="true" password="false" scrollable="false" selected="false" bounds="[57,697][663,772]" displayed="true" a11y-important="true" screen-reader-focusable="false" drawing-order="2" showing-hint="false" text-entry-key="false" dismissable="false" a11y-focused="false" heading="false" live-region="0" context-clickable="false" content-invalid="false" window-id="6138">
                                    <android.widget.LinearLayout index="0" package="com.juvomos.pos" class="android.widget.LinearLayout" text="" resource-id="com.juvomos.pos:id/linearLayout23" checkable="false" checked="false" clickable="false" enabled="true" focusable="false" focused="false" long-clickable="false" password="false" scrollable="false" selected="false" bounds="[65,697][655,772]" displayed="true" a11y-important="false" screen-reader-focusable="false" drawing-order="1" showing-hint="false" text-entry-key="false" dismissable="false" a11y-focused="false" heading="false" live-region="0" context-clickable="false" content-invalid="false" window-id="6138">
                                      <android.widget.TextView index="0" package="com.juvomos.pos" class="android.widget.TextView" text="1" resource-id="com.juvomos.pos:id/itemInvoiceQuantity" checkable="false" checked="false" clickable="false" enabled="true" focusable="false" focused="false" long-clickable="false" password="false" scrollable="false" selected="false" bounds="[65,697][103,772]" displayed="true" a11y-important="true" screen-reader-focusable="false" drawing-order="1" showing-hint="false" text-entry-key="false" dismissable="false" a11y-focused="false" heading="false" live-region="0" context-clickable="false" content-invalid="false" window-id="6138" />
                                      <android.widget.LinearLayout index="1" package="com.juvomos.pos" class="android.widget.LinearLayout" text="" checkable="false" checked="false" clickable="false" enabled="true" focusable="false" focused="false" long-clickable="false" password="false" scrollable="false" selected="false" bounds="[103,697][655,772]" displayed="true" a11y-important="false" screen-reader-focusable="false" drawing-order="2" showing-hint="false" text-entry-key="false" dismissable="false" a11y-focused="false" heading="false" live-region="0" context-clickable="false" content-invalid="false" window-id="6138">
                                        <android.widget.LinearLayout index="0" package="com.juvomos.pos" class="android.widget.LinearLayout" text="" checkable="false" checked="false" clickable="false" enabled="true" focusable="false" focused="false" long-clickable="false" password="false" scrollable="false" selected="false" bounds="[103,697][655,738]" displayed="true" a11y-important="false" screen-reader-focusable="false" drawing-order="1" showing-hint="false" text-entry-key="false" dismissable="false" a11y-focused="false" heading="false" live-region="0" context-clickable="false" content-invalid="false" window-id="6138">
                                          <android.widget.TextView index="0" package="com.juvomos.pos" class="android.widget.TextView" text="Burger Tender " resource-id="com.juvomos.pos:id/itemInvoiceName" checkable="false" checked="false" clickable="false" enabled="true" focusable="false" focused="false" long-clickable="false" password="false" scrollable="false" selected="false" bounds="[103,701][440,734]" displayed="true" a11y-important="true" screen-reader-focusable="false" drawing-order="1" showing-hint="false" text-entry-key="false" dismissable="false" a11y-focused="false" heading="false" live-region="0" context-clickable="false" content-invalid="false" window-id="6138" />
                                          <android.widget.LinearLayout index="1" package="com.juvomos.pos" class="android.widget.LinearLayout" text="" checkable="false" checked="false" clickable="false" enabled="true" focusable="false" focused="false" long-clickable="false" password="false" scrollable="false" selected="false" bounds="[440,697][552,738]" displayed="true" a11y-important="false" screen-reader-focusable="false" drawing-order="2" showing-hint="false" text-entry-key="false" dismissable="false" a11y-focused="false" heading="false" live-region="0" context-clickable="false" content-invalid="false" window-id="6138">
                                            <android.widget.ImageView index="0" package="com.juvomos.pos" class="android.widget.ImageView" text="" content-desc="Cancelar cuenta" resource-id="com.juvomos.pos:id/imageSend" checkable="false" checked="false" clickable="false" enabled="true" focusable="false" focused="false" long-clickable="false" password="false" scrollable="false" selected="false" bounds="[483,704][509,730]" displayed="true" a11y-important="true" screen-reader-focusable="false" drawing-order="4" showing-hint="false" text-entry-key="false" dismissable="false" a11y-focused="false" heading="false" live-region="0" context-clickable="false" content-invalid="false" window-id="6138" />
                                          </android.widget.LinearLayout>
                                          <android.widget.TextView index="2" package="com.juvomos.pos" class="android.widget.TextView" text="$8.30" resource-id="com.juvomos.pos:id/itemInvoicePrice" checkable="false" checked="false" clickable="false" enabled="true" focusable="false" focused="false" long-clickable="false" password="false" scrollable="false" selected="false" bounds="[552,697][654,738]" displayed="true" a11y-important="true" screen-reader-focusable="false" drawing-order="3" showing-hint="false" text-entry-key="false" dismissable="false" a11y-focused="false" heading="false" live-region="0" context-clickable="false" content-invalid="false" window-id="6138" />
                                        </android.widget.LinearLayout>
                                        <android.widget.LinearLayout index="1" package="com.juvomos.pos" class="android.widget.LinearLayout" text="" checkable="false" checked="false" clickable="false" enabled="true" focusable="false" focused="false" long-clickable="false" password="false" scrollable="false" selected="false" bounds="[103,738][655,772]" displayed="true" a11y-important="false" screen-reader-focusable="false" drawing-order="2" showing-hint="false" text-entry-key="false" dismissable="false" a11y-focused="false" heading="false" live-region="0" context-clickable="false" content-invalid="false" window-id="6138">
                                          <android.widget.TextView index="0" package="com.juvomos.pos" class="android.widget.TextView" text="$8.30" resource-id="com.juvomos.pos:id/itemInvoiceTotal" checkable="false" checked="false" clickable="false" enabled="true" focusable="false" focused="false" long-clickable="false" password="false" scrollable="false" selected="false" bounds="[103,738][655,772]" displayed="true" a11y-important="true" screen-reader-focusable="false" drawing-order="1" showing-hint="false" text-entry-key="false" dismissable="false" a11y-focused="false" heading="false" live-region="0" context-clickable="false" content-invalid="false" window-id="6138" />
                                        </android.widget.LinearLayout>
                                      </android.widget.LinearLayout>
                                    </android.widget.LinearLayout>
                                  </android.view.ViewGroup>
                                </androidx.recyclerview.widget.RecyclerView>
                              </android.view.ViewGroup>
                            </androidx.recyclerview.widget.RecyclerView>
                            <android.view.View index="3" package="com.juvomos.pos" class="android.view.View" text="" resource-id="com.juvomos.pos:id/idHeaderDividerSection2" checkable="false" checked="false" clickable="false" enabled="true" focusable="false" focused="false" long-clickable="false" password="false" scrollable="false" selected="false" bounds="[57,1115][663,1118]" displayed="true" a11y-important="false" screen-reader-focusable="false" drawing-order="4" showing-hint="false" text-entry-key="false" dismissable="false" a11y-focused="false" heading="false" live-region="0" context-clickable="false" content-invalid="false" window-id="6138" />
                            <androidx.recyclerview.widget.RecyclerView index="4" package="com.juvomos.pos" class="androidx.recyclerview.widget.RecyclerView" text="" resource-id="com.juvomos.pos:id/invoiceTotalRecycler" checkable="false" checked="false" clickable="false" enabled="true" focusable="true" focused="false" long-clickable="false" password="false" scrollable="false" selected="false" bounds="[57,1137][663,1254]" displayed="true" a11y-important="true" screen-reader-focusable="false" drawing-order="5" showing-hint="false" text-entry-key="false" dismissable="false" a11y-focused="false" heading="false" live-region="0" context-clickable="false" content-invalid="false" window-id="6138">
                              <android.view.ViewGroup index="0" package="com.juvomos.pos" class="android.view.ViewGroup" text="" resource-id="com.juvomos.pos:id/idContainerTotalValue" checkable="false" checked="false" clickable="false" enabled="true" focusable="false" focused="false" long-clickable="false" password="false" scrollable="false" selected="false" bounds="[57,1141][655,1175]" displayed="true" a11y-important="true" screen-reader-focusable="false" drawing-order="1" showing-hint="false" text-entry-key="false" dismissable="false" a11y-focused="false" heading="false" live-region="0" context-clickable="false" content-invalid="false" window-id="6138">
                                <android.widget.TextView index="0" package="com.juvomos.pos" class="android.widget.TextView" text="Subtotal:" resource-id="com.juvomos.pos:id/totalItemName" checkable="false" checked="false" clickable="false" enabled="true" focusable="false" focused="false" long-clickable="false" password="false" scrollable="false" selected="false" bounds="[57,1141][158,1175]" displayed="true" a11y-important="true" screen-reader-focusable="false" drawing-order="1" showing-hint="false" text-entry-key="false" dismissable="false" a11y-focused="false" heading="false" live-region="0" context-clickable="false" content-invalid="false" window-id="6138" />
                                <android.widget.TextView index="1" package="com.juvomos.pos" class="android.widget.TextView" text="$16.60" resource-id="com.juvomos.pos:id/totalItemValue" checkable="false" checked="false" clickable="false" enabled="true" focusable="false" focused="false" long-clickable="false" password="false" scrollable="false" selected="false" bounds="[569,1141][646,1175]" displayed="true" a11y-important="true" screen-reader-focusable="false" drawing-order="3" showing-hint="false" text-entry-key="false" dismissable="false" a11y-focused="false" heading="false" live-region="0" context-clickable="false" content-invalid="false" window-id="6138" />
                              </android.view.ViewGroup>
                              <android.view.ViewGroup index="1" package="com.juvomos.pos" class="android.view.ViewGroup" text="" resource-id="com.juvomos.pos:id/idContainerTotalValue" checkable="false" checked="false" clickable="false" enabled="true" focusable="false" focused="false" long-clickable="false" password="false" scrollable="false" selected="false" bounds="[57,1179][655,1213]" displayed="true" a11y-important="true" screen-reader-focusable="false" drawing-order="2" showing-hint="false" text-entry-key="false" dismissable="false" a11y-focused="false" heading="false" live-region="0" context-clickable="false" content-invalid="false" window-id="6138">
                                <android.widget.TextView index="0" package="com.juvomos.pos" class="android.widget.TextView" text="Impuestos" resource-id="com.juvomos.pos:id/totalItemName" checkable="false" checked="false" clickable="false" enabled="true" focusable="false" focused="false" long-clickable="false" password="false" scrollable="false" selected="false" bounds="[57,1179][172,1213]" displayed="true" a11y-important="true" screen-reader-focusable="false" drawing-order="1" showing-hint="false" text-entry-key="false" dismissable="false" a11y-focused="false" heading="false" live-region="0" context-clickable="false" content-invalid="false" window-id="6138" />
                                <android.widget.TextView index="1" package="com.juvomos.pos" class="android.widget.TextView" text="$1.16" resource-id="com.juvomos.pos:id/totalItemValue" checkable="false" checked="false" clickable="false" enabled="true" focusable="false" focused="false" long-clickable="false" password="false" scrollable="false" selected="false" bounds="[589,1179][646,1213]" displayed="true" a11y-important="true" screen-reader-focusable="false" drawing-order="3" showing-hint="false" text-entry-key="false" dismissable="false" a11y-focused="false" heading="false" live-region="0" context-clickable="false" content-invalid="false" window-id="6138" />
                              </android.view.ViewGroup>
                              <android.view.ViewGroup index="2" package="com.juvomos.pos" class="android.view.ViewGroup" text="" resource-id="com.juvomos.pos:id/idContainerTotalValue" checkable="false" checked="false" clickable="false" enabled="true" focusable="false" focused="false" long-clickable="false" password="false" scrollable="false" selected="false" bounds="[57,1217][655,1251]" displayed="true" a11y-important="true" screen-reader-focusable="false" drawing-order="3" showing-hint="false" text-entry-key="false" dismissable="false" a11y-focused="false" heading="false" live-region="0" context-clickable="false" content-invalid="false" window-id="6138">
                                <android.widget.TextView index="0" package="com.juvomos.pos" class="android.widget.TextView" text="Total" resource-id="com.juvomos.pos:id/totalItemName" checkable="false" checked="false" clickable="false" enabled="true" focusable="false" focused="false" long-clickable="false" password="false" scrollable="false" selected="false" bounds="[57,1217][113,1251]" displayed="true" a11y-important="true" screen-reader-focusable="false" drawing-order="1" showing-hint="false" text-entry-key="false" dismissable="false" a11y-focused="false" heading="false" live-region="0" context-clickable="false" content-invalid="false" window-id="6138" />
                                <android.widget.TextView index="1" package="com.juvomos.pos" class="android.widget.TextView" text="$17.76" resource-id="com.juvomos.pos:id/totalItemValue" checkable="false" checked="false" clickable="false" enabled="true" focusable="false" focused="false" long-clickable="false" password="false" scrollable="false" selected="false" bounds="[575,1217][646,1251]" displayed="true" a11y-important="true" screen-reader-focusable="false" drawing-order="3" showing-hint="false" text-entry-key="false" dismissable="false" a11y-focused="false" heading="false" live-region="0" context-clickable="false" content-invalid="false" window-id="6138" />
                              </android.view.ViewGroup>
                            </androidx.recyclerview.widget.RecyclerView>
                          </android.widget.LinearLayout>
                          <android.widget.LinearLayout index="3" package="com.juvomos.pos" class="android.widget.LinearLayout" text="" resource-id="com.juvomos.pos:id/layoutButtons" checkable="false" checked="false" clickable="false" enabled="true" focusable="false" focused="false" long-clickable="false" password="false" scrollable="false" selected="false" bounds="[38,1292][682,1472]" displayed="true" a11y-important="false" screen-reader-focusable="false" drawing-order="4" showing-hint="false" text-entry-key="false" dismissable="false" a11y-focused="false" heading="false" live-region="0" context-clickable="false" content-invalid="false" window-id="6138">
                            <android.widget.RelativeLayout index="0" package="com.juvomos.pos" class="android.widget.RelativeLayout" text="" checkable="false" checked="false" clickable="false" enabled="true" focusable="false" focused="false" long-clickable="false" password="false" scrollable="false" selected="false" bounds="[57,1311][663,1354]" displayed="true" a11y-important="false" screen-reader-focusable="false" drawing-order="1" showing-hint="false" text-entry-key="false" dismissable="false" a11y-focused="false" heading="false" live-region="0" context-clickable="false" content-invalid="false" window-id="6138">
                              <android.widget.TextView index="0" package="com.juvomos.pos" class="android.widget.TextView" text="Saldo Pendiente" resource-id="com.juvomos.pos:id/idTitleBalanceText" checkable="false" checked="false" clickable="false" enabled="true" focusable="false" focused="false" long-clickable="false" password="false" scrollable="false" selected="false" bounds="[66,1311][301,1354]" displayed="true" a11y-important="true" screen-reader-focusable="false" drawing-order="1" showing-hint="false" text-entry-key="false" dismissable="false" a11y-focused="false" heading="false" live-region="0" context-clickable="false" content-invalid="false" window-id="6138" />
                              <android.widget.TextView index="1" package="com.juvomos.pos" class="android.widget.TextView" text="$17.76" resource-id="com.juvomos.pos:id/idValueBalanceText" checkable="false" checked="false" clickable="false" enabled="true" focusable="false" focused="false" long-clickable="false" password="false" scrollable="false" selected="false" bounds="[542,1311][635,1354]" displayed="true" a11y-important="true" screen-reader-focusable="false" drawing-order="2" showing-hint="false" text-entry-key="false" dismissable="false" a11y-focused="false" heading="false" live-region="0" context-clickable="false" content-invalid="false" window-id="6138" />
                            </android.widget.RelativeLayout>
                            <android.widget.LinearLayout index="1" package="com.juvomos.pos" class="android.widget.LinearLayout" text="" checkable="false" checked="false" clickable="false" enabled="true" focusable="false" focused="false" long-clickable="false" password="false" scrollable="false" selected="false" bounds="[57,1363][663,1453]" displayed="true" a11y-important="false" screen-reader-focusable="false" drawing-order="2" showing-hint="false" text-entry-key="false" dismissable="false" a11y-focused="false" heading="false" live-region="0" context-clickable="false" content-invalid="false" window-id="6138">
                              <android.widget.Button index="0" package="com.juvomos.pos" class="android.widget.Button" text="Abrir" resource-id="com.juvomos.pos:id/btnRecall" checkable="false" checked="false" clickable="true" enabled="true" focusable="true" focused="false" long-clickable="false" password="false" scrollable="false" selected="false" bounds="[57,1363][253,1453]" displayed="true" a11y-important="true" screen-reader-focusable="false" drawing-order="1" showing-hint="false" text-entry-key="false" dismissable="false" a11y-focused="false" heading="false" live-region="0" context-clickable="false" content-invalid="false" window-id="6138" />
                              <android.widget.Button index="1" package="com.juvomos.pos" class="android.widget.Button" text="Imprimir" resource-id="com.juvomos.pos:id/btnPrintRecall" checkable="false" checked="false" clickable="true" enabled="true" focusable="true" focused="false" long-clickable="false" password="false" scrollable="false" selected="false" bounds="[262,1363][458,1453]" displayed="true" a11y-important="true" screen-reader-focusable="false" drawing-order="2" showing-hint="false" text-entry-key="false" dismissable="false" a11y-focused="false" heading="false" live-region="0" context-clickable="false" content-invalid="false" window-id="6138" />
                              <android.widget.Button index="2" package="com.juvomos.pos" class="android.widget.Button" text="Pagar" resource-id="com.juvomos.pos:id/btnPayRecall" checkable="false" checked="false" clickable="true" enabled="true" focusable="true" focused="false" long-clickable="false" password="false" scrollable="false" selected="false" bounds="[467,1363][663,1453]" displayed="true" a11y-important="true" screen-reader-focusable="false" drawing-order="4" showing-hint="false" text-entry-key="false" dismissable="false" a11y-focused="false" heading="false" live-region="0" context-clickable="false" content-invalid="false" window-id="6138" />
                            </android.widget.LinearLayout>
                          </android.widget.LinearLayout>
                        </android.widget.LinearLayout>
                      </android.view.ViewGroup>
                    </android.widget.FrameLayout>
                  </android.widget.FrameLayout>
                </android.view.ViewGroup>
              </android.view.ViewGroup>
            </androidx.drawerlayout.widget.DrawerLayout>
          </android.widget.FrameLayout>
        </android.widget.LinearLayout>
      </android.widget.FrameLayout>
    </android.widget.LinearLayout>
  </android.widget.FrameLayout>
</hierarchy>