<?xml version='1.0' encoding='UTF-8' standalone='yes' ?>
<hierarchy index="0" class="hierarchy" rotation="0" width="720" height="1467">
  <android.widget.FrameLayout index="0" package="com.juvomos.pos" class="android.widget.FrameLayout" text="" checkable="false" checked="false" clickable="false" enabled="true" focusable="false" focused="false" long-clickable="false" password="false" scrollable="false" selected="false" bounds="[0,45][720,1600]" displayed="true" a11y-important="true" screen-reader-focusable="false" drawing-order="0" showing-hint="false" text-entry-key="false" dismissable="false" a11y-focused="false" heading="false" live-region="0" context-clickable="false" content-invalid="false" pane-title="" window-id="6962">
    <android.widget.LinearLayout index="0" package="com.juvomos.pos" class="android.widget.LinearLayout" text="" checkable="false" checked="false" clickable="false" enabled="true" focusable="false" focused="false" long-clickable="false" password="false" scrollable="false" selected="false" bounds="[0,45][720,1510]" displayed="true" a11y-important="false" screen-reader-focusable="false" drawing-order="1" showing-hint="false" text-entry-key="false" dismissable="false" a11y-focused="false" heading="false" live-region="0" context-clickable="false" content-invalid="false" window-id="6962">
      <android.widget.FrameLayout index="0" package="com.juvomos.pos" class="android.widget.FrameLayout" text="" checkable="false" checked="false" clickable="false" enabled="true" focusable="false" focused="false" long-clickable="false" password="false" scrollable="false" selected="false" bounds="[0,45][720,1510]" displayed="true" a11y-important="false" screen-reader-focusable="false" drawing-order="2" showing-hint="false" text-entry-key="false" dismissable="false" a11y-focused="false" heading="false" live-region="0" context-clickable="false" content-invalid="false" window-id="6962">
        <android.widget.LinearLayout index="0" package="com.juvomos.pos" class="android.widget.LinearLayout" text="" resource-id="com.juvomos.pos:id/action_bar_root" checkable="false" checked="false" clickable="false" enabled="true" focusable="false" focused="false" long-clickable="false" password="false" scrollable="false" selected="false" bounds="[0,45][720,1510]" displayed="true" a11y-important="false" screen-reader-focusable="false" drawing-order="1" showing-hint="false" text-entry-key="false" dismissable="false" a11y-focused="false" heading="false" live-region="0" context-clickable="false" content-invalid="false" window-id="6962">
          <android.widget.FrameLayout index="0" package="com.juvomos.pos" class="android.widget.FrameLayout" text="" resource-id="android:id/content" checkable="false" checked="false" clickable="false" enabled="true" focusable="false" focused="false" long-clickable="false" password="false" scrollable="false" selected="false" bounds="[0,45][720,1510]" displayed="true" a11y-important="false" screen-reader-focusable="false" drawing-order="2" showing-hint="false" text-entry-key="false" dismissable="false" a11y-focused="false" heading="false" live-region="0" context-clickable="false" content-invalid="false" window-id="6962">
            <androidx.drawerlayout.widget.DrawerLayout index="0" package="com.juvomos.pos" class="androidx.drawerlayout.widget.DrawerLayout" text="" resource-id="com.juvomos.pos:id/idDrawerLayout" checkable="false" checked="false" clickable="false" enabled="true" focusable="false" focused="false" long-clickable="false" password="false" scrollable="false" selected="false" bounds="[0,45][720,1510]" displayed="true" a11y-important="true" screen-reader-focusable="false" drawing-order="1" showing-hint="false" text-entry-key="false" dismissable="false" a11y-focused="false" heading="false" live-region="0" context-clickable="false" content-invalid="false" window-id="6962">
              <android.view.ViewGroup index="0" package="com.juvomos.pos" class="android.view.ViewGroup" text="" resource-id="com.juvomos.pos:id/app_bar_main" checkable="false" checked="false" clickable="false" enabled="true" focusable="false" focused="false" long-clickable="false" password="false" scrollable="false" selected="false" bounds="[0,45][720,1510]" displayed="true" a11y-important="true" screen-reader-focusable="false" drawing-order="1" showing-hint="false" text-entry-key="false" dismissable="false" a11y-focused="false" heading="false" live-region="0" context-clickable="false" content-invalid="false" window-id="6962">
                <android.view.ViewGroup index="0" package="com.juvomos.pos" class="android.view.ViewGroup" text="" resource-id="com.juvomos.pos:id/layout_toolbar_general" checkable="false" checked="false" clickable="false" enabled="true" focusable="false" focused="false" long-clickable="false" password="false" scrollable="false" selected="false" bounds="[0,45][720,150]" displayed="true" a11y-important="false" screen-reader-focusable="false" drawing-order="2" showing-hint="false" text-entry-key="false" dismissable="false" a11y-focused="false" heading="false" live-region="0" context-clickable="false" content-invalid="false" window-id="6962">
                  <android.widget.ImageButton index="0" package="com.juvomos.pos" class="android.widget.ImageButton" text="" content-desc="Navegar hacia arriba" checkable="false" checked="false" clickable="true" enabled="true" focusable="true" focused="false" long-clickable="false" password="false" scrollable="false" selected="false" bounds="[0,45][105,150]" displayed="true" a11y-important="true" screen-reader-focusable="false" drawing-order="3" showing-hint="false" text-entry-key="false" dismissable="false" a11y-focused="false" heading="false" live-region="0" context-clickable="false" content-invalid="false" tooltip-text="Navegar hacia arriba" window-id="6962" />
                  <android.widget.ImageView index="1" package="com.juvomos.pos" class="android.widget.ImageView" text="" checkable="false" checked="false" clickable="false" enabled="true" focusable="false" focused="false" long-clickable="false" password="false" scrollable="false" selected="false" bounds="[135,64][418,130]" displayed="true" a11y-important="false" screen-reader-focusable="false" drawing-order="1" showing-hint="false" text-entry-key="false" dismissable="false" a11y-focused="false" heading="false" live-region="0" context-clickable="false" content-invalid="false" window-id="6962" />
                  <androidx.appcompat.widget.LinearLayoutCompat index="2" package="com.juvomos.pos" class="androidx.appcompat.widget.LinearLayoutCompat" text="" checkable="false" checked="false" clickable="false" enabled="true" focusable="false" focused="false" long-clickable="false" password="false" scrollable="false" selected="false" bounds="[454,45][720,150]" displayed="true" a11y-important="false" screen-reader-focusable="false" drawing-order="2" showing-hint="false" text-entry-key="false" dismissable="false" a11y-focused="false" heading="false" live-region="0" context-clickable="false" content-invalid="false" window-id="6962">
                    <android.widget.Button index="0" package="com.juvomos.pos" class="android.widget.Button" text="" content-desc="Encendido" resource-id="com.juvomos.pos:id/menuButtonSettings" checkable="false" checked="false" clickable="true" enabled="true" focusable="true" focused="false" long-clickable="false" password="false" scrollable="false" selected="false" bounds="[454,52][545,142]" displayed="true" a11y-important="true" screen-reader-focusable="false" drawing-order="1" showing-hint="false" text-entry-key="false" dismissable="false" a11y-focused="false" heading="false" live-region="0" context-clickable="false" content-invalid="false" tooltip-text="Encendido" window-id="6962" />
                    <android.widget.Button index="1" package="com.juvomos.pos" class="android.widget.Button" text="" content-desc="Encendido" resource-id="com.juvomos.pos:id/idConnectionOnButton" checkable="false" checked="false" clickable="true" enabled="true" focusable="true" focused="false" long-clickable="false" password="false" scrollable="false" selected="false" bounds="[545,52][645,142]" displayed="true" a11y-important="true" screen-reader-focusable="false" drawing-order="2" showing-hint="false" text-entry-key="false" dismissable="false" a11y-focused="false" heading="false" live-region="0" context-clickable="false" content-invalid="false" tooltip-text="Encendido" window-id="6962" />
                    <android.widget.ImageView index="2" package="com.juvomos.pos" class="android.widget.ImageView" text="" content-desc="Más opciones" checkable="false" checked="false" clickable="true" enabled="true" focusable="true" focused="false" long-clickable="true" password="false" scrollable="false" selected="false" bounds="[645,52][720,142]" displayed="true" a11y-important="true" screen-reader-focusable="false" drawing-order="3" showing-hint="false" text-entry-key="false" dismissable="false" a11y-focused="false" heading="false" live-region="0" context-clickable="false" content-invalid="false" tooltip-text="Más opciones" window-id="6962" />
                  </androidx.appcompat.widget.LinearLayoutCompat>
                </android.view.ViewGroup>
                <android.view.ViewGroup index="1" package="com.juvomos.pos" class="android.view.ViewGroup" text="" checkable="false" checked="false" clickable="false" enabled="true" focusable="false" focused="false" long-clickable="false" password="false" scrollable="false" selected="false" bounds="[0,176][720,1510]" displayed="true" a11y-important="false" screen-reader-focusable="false" drawing-order="1" showing-hint="false" text-entry-key="false" dismissable="false" a11y-focused="false" heading="false" live-region="0" context-clickable="false" content-invalid="false" window-id="6962">
                  <android.widget.FrameLayout index="0" package="com.juvomos.pos" class="android.widget.FrameLayout" text="" resource-id="com.juvomos.pos:id/idContainerFragmentNavigation" checkable="false" checked="false" clickable="false" enabled="true" focusable="false" focused="false" long-clickable="false" password="false" scrollable="false" selected="false" bounds="[0,176][720,1510]" displayed="true" a11y-important="false" screen-reader-focusable="false" drawing-order="1" showing-hint="false" text-entry-key="false" dismissable="false" a11y-focused="false" heading="false" live-region="0" context-clickable="false" content-invalid="false" window-id="6962">
                    <android.widget.FrameLayout index="0" package="com.juvomos.pos" class="android.widget.FrameLayout" text="" resource-id="com.juvomos.pos:id/idContainerFragmentNavigation" checkable="false" checked="false" clickable="false" enabled="true" focusable="false" focused="false" long-clickable="false" password="false" scrollable="false" selected="false" bounds="[0,176][720,1510]" displayed="true" a11y-important="false" screen-reader-focusable="false" drawing-order="1" showing-hint="false" text-entry-key="false" dismissable="false" a11y-focused="false" heading="false" live-region="0" context-clickable="false" content-invalid="false" window-id="6962">
                      <android.view.ViewGroup index="0" package="com.juvomos.pos" class="android.view.ViewGroup" text="" resource-id="com.juvomos.pos:id/floorLayoutId" checkable="false" checked="false" clickable="false" enabled="true" focusable="false" focused="false" long-clickable="false" password="false" scrollable="false" selected="false" bounds="[0,176][720,1510]" displayed="true" a11y-important="false" screen-reader-focusable="false" drawing-order="1" showing-hint="false" text-entry-key="false" dismissable="false" a11y-focused="false" heading="false" live-region="0" context-clickable="false" content-invalid="false" window-id="6962">
                        <android.widget.LinearLayout index="0" package="com.juvomos.pos" class="android.widget.LinearLayout" text="" resource-id="com.juvomos.pos:id/layoutCheckDetail" checkable="false" checked="false" clickable="false" enabled="true" focusable="false" focused="false" long-clickable="false" password="false" scrollable="false" selected="false" bounds="[0,176][720,1510]" displayed="true" a11y-important="false" screen-reader-focusable="false" drawing-order="1" showing-hint="false" text-entry-key="false" dismissable="false" a11y-focused="false" heading="false" live-region="0" context-clickable="false" content-invalid="false" window-id="6962">
                          <android.widget.ImageView index="0" package="com.juvomos.pos" class="android.widget.ImageView" text="" resource-id="com.juvomos.pos:id/btnShowItem" checkable="false" checked="false" clickable="true" enabled="true" focusable="false" focused="false" long-clickable="false" password="false" scrollable="false" selected="false" bounds="[566,176][697,214]" displayed="true" a11y-important="true" screen-reader-focusable="false" drawing-order="1" showing-hint="false" text-entry-key="false" dismissable="false" a11y-focused="false" heading="false" live-region="0" context-clickable="false" content-invalid="false" window-id="6962" />
                          <android.widget.LinearLayout index="1" package="com.juvomos.pos" class="android.widget.LinearLayout" text="" checkable="false" checked="false" clickable="false" enabled="true" focusable="false" focused="false" long-clickable="false" password="false" scrollable="false" selected="false" bounds="[19,223][701,370]" displayed="true" a11y-important="false" screen-reader-focusable="false" drawing-order="2" showing-hint="false" text-entry-key="false" dismissable="false" a11y-focused="false" heading="false" live-region="0" context-clickable="false" content-invalid="false" window-id="6962">
                            <android.widget.Button index="0" package="com.juvomos.pos" class="android.widget.Button" text="Cambiar Mesa" resource-id="com.juvomos.pos:id/btnChangedTable" checkable="false" checked="false" clickable="true" enabled="true" focusable="true" focused="false" long-clickable="false" password="false" scrollable="false" selected="false" bounds="[38,242][350,351]" displayed="true" a11y-important="true" screen-reader-focusable="false" drawing-order="1" showing-hint="false" text-entry-key="false" dismissable="false" a11y-focused="false" heading="false" live-region="0" context-clickable="false" content-invalid="false" window-id="6962" />
                            <android.widget.Button index="1" package="com.juvomos.pos" class="android.widget.Button" text="Transferir Cuenta" resource-id="com.juvomos.pos:id/btnTransfer" checkable="false" checked="false" clickable="true" enabled="true" focusable="true" focused="false" long-clickable="false" password="false" scrollable="false" selected="false" bounds="[369,242][682,351]" displayed="true" a11y-important="true" screen-reader-focusable="false" drawing-order="2" showing-hint="false" text-entry-key="false" dismissable="false" a11y-focused="false" heading="false" live-region="0" context-clickable="false" content-invalid="false" window-id="6962" />
                          </android.widget.LinearLayout>
                          <android.view.ViewGroup index="2" package="com.juvomos.pos" class="android.view.ViewGroup" text="" resource-id="com.juvomos.pos:id/idTicketToolbar" checkable="false" checked="false" clickable="false" enabled="true" focusable="false" focused="false" long-clickable="false" password="false" scrollable="false" selected="false" bounds="[13,370][692,616]" displayed="true" a11y-important="false" screen-reader-focusable="false" drawing-order="3" showing-hint="false" text-entry-key="false" dismissable="false" a11y-focused="false" heading="false" live-region="0" context-clickable="false" content-invalid="false" window-id="6962">
                            <android.widget.LinearLayout index="0" package="com.juvomos.pos" class="android.widget.LinearLayout" text="" resource-id="com.juvomos.pos:id/linearLayout22" checkable="false" checked="false" clickable="false" enabled="true" focusable="false" focused="false" long-clickable="false" password="false" scrollable="false" selected="false" bounds="[21,378][684,472]" displayed="true" a11y-important="false" screen-reader-focusable="false" drawing-order="1" showing-hint="false" text-entry-key="false" dismissable="false" a11y-focused="false" heading="false" live-region="0" context-clickable="false" content-invalid="false" window-id="6962">
                              <android.widget.Button index="0" package="com.juvomos.pos" class="android.widget.Button" text="Cuenta #" resource-id="com.juvomos.pos:id/txtTicketNumber" checkable="false" checked="false" clickable="true" enabled="true" focusable="true" focused="false" long-clickable="false" password="false" scrollable="false" selected="false" bounds="[36,378][208,472]" displayed="true" a11y-important="true" screen-reader-focusable="false" drawing-order="1" showing-hint="false" text-entry-key="false" dismissable="false" a11y-focused="false" heading="false" live-region="0" context-clickable="false" content-invalid="false" window-id="6962" />
                              <android.widget.Button index="1" package="com.juvomos.pos" class="android.widget.Button" text="Dine In" resource-id="com.juvomos.pos:id/textOrderType" checkable="false" checked="false" clickable="true" enabled="true" focusable="true" focused="false" long-clickable="false" password="false" scrollable="false" selected="false" bounds="[217,378][418,472]" displayed="true" a11y-important="true" screen-reader-focusable="false" drawing-order="2" showing-hint="false" text-entry-key="false" dismissable="false" a11y-focused="false" heading="false" live-region="0" context-clickable="false" content-invalid="false" window-id="6962" />
                              <android.widget.Button index="2" package="com.juvomos.pos" class="android.widget.Button" text="Empleado" resource-id="com.juvomos.pos:id/ticketEmployeeName" checkable="false" checked="false" clickable="true" enabled="true" focusable="true" focused="false" long-clickable="false" password="false" scrollable="false" selected="false" bounds="[433,378][671,472]" displayed="true" a11y-important="true" screen-reader-focusable="false" drawing-order="3" showing-hint="false" text-entry-key="false" dismissable="false" a11y-focused="false" heading="false" live-region="0" context-clickable="false" content-invalid="false" window-id="6962" />
                            </android.widget.LinearLayout>
                            <android.widget.LinearLayout index="1" package="com.juvomos.pos" class="android.widget.LinearLayout" text="" resource-id="com.juvomos.pos:id/linearLayout18" checkable="false" checked="false" clickable="false" enabled="true" focusable="false" focused="false" long-clickable="false" password="false" scrollable="false" selected="false" bounds="[21,472][684,514]" displayed="true" a11y-important="false" screen-reader-focusable="false" drawing-order="2" showing-hint="false" text-entry-key="false" dismissable="false" a11y-focused="false" heading="false" live-region="0" context-clickable="false" content-invalid="false" window-id="6962">
                              <android.view.View index="0" package="com.juvomos.pos" class="android.view.View" text="" checkable="false" checked="false" clickable="false" enabled="true" focusable="false" focused="false" long-clickable="false" password="false" scrollable="false" selected="false" bounds="[36,478][669,480]" displayed="true" a11y-important="false" screen-reader-focusable="false" drawing-order="1" showing-hint="false" text-entry-key="false" dismissable="false" a11y-focused="false" heading="false" live-region="0" context-clickable="false" content-invalid="false" window-id="6962" />
                              <android.widget.TextView index="1" package="com.juvomos.pos" class="android.widget.TextView" text="Opciones de Cuentas" checkable="false" checked="false" clickable="false" enabled="true" focusable="false" focused="false" long-clickable="false" password="false" scrollable="false" selected="false" bounds="[36,480][669,514]" displayed="true" a11y-important="true" screen-reader-focusable="false" drawing-order="2" showing-hint="false" text-entry-key="false" dismissable="false" a11y-focused="false" heading="false" live-region="0" context-clickable="false" content-invalid="false" window-id="6962" />
                            </android.widget.LinearLayout>
                            <android.widget.LinearLayout index="2" package="com.juvomos.pos" class="android.widget.LinearLayout" text="" resource-id="com.juvomos.pos:id/linearLayout19" checkable="false" checked="false" clickable="false" enabled="true" focusable="false" focused="false" long-clickable="false" password="false" scrollable="false" selected="false" bounds="[21,514][684,608]" displayed="true" a11y-important="false" screen-reader-focusable="false" drawing-order="3" showing-hint="false" text-entry-key="false" dismissable="false" a11y-focused="false" heading="false" live-region="0" context-clickable="false" content-invalid="false" window-id="6962">
                              <android.widget.Button index="0" package="com.juvomos.pos" class="android.widget.Button" text="Cliente" resource-id="com.juvomos.pos:id/ticketCustomerName" checkable="false" checked="false" clickable="true" enabled="true" focusable="true" focused="false" long-clickable="false" password="false" scrollable="false" selected="false" bounds="[36,514][183,608]" displayed="true" a11y-important="true" screen-reader-focusable="false" drawing-order="1" showing-hint="false" text-entry-key="false" dismissable="false" a11y-focused="false" heading="false" live-region="0" context-clickable="false" content-invalid="false" window-id="6962" />
                              <android.widget.Button index="1" package="com.juvomos.pos" class="android.widget.Button" text="Mesa #1" resource-id="com.juvomos.pos:id/ticketTable" checkable="false" checked="false" clickable="true" enabled="true" focusable="true" focused="false" long-clickable="false" password="false" scrollable="false" selected="false" bounds="[192,514][345,608]" displayed="true" a11y-important="true" screen-reader-focusable="false" drawing-order="2" showing-hint="false" text-entry-key="false" dismissable="false" a11y-focused="false" heading="false" live-region="0" context-clickable="false" content-invalid="false" window-id="6962" />
                              <android.widget.Button index="2" package="com.juvomos.pos" class="android.widget.Button" text="1 Personas" resource-id="com.juvomos.pos:id/guestsNumber" checkable="false" checked="false" clickable="true" enabled="true" focusable="true" focused="false" long-clickable="false" password="false" scrollable="false" selected="false" bounds="[354,514][507,608]" displayed="true" a11y-important="true" screen-reader-focusable="false" drawing-order="3" showing-hint="false" text-entry-key="false" dismissable="false" a11y-focused="false" heading="false" live-region="0" context-clickable="false" content-invalid="false" window-id="6962" />
                              <android.widget.Button index="3" package="com.juvomos.pos" class="android.widget.Button" text="" resource-id="com.juvomos.pos:id/idNameValueText" checkable="false" checked="false" clickable="true" enabled="true" focusable="true" focused="false" long-clickable="false" password="false" scrollable="false" selected="false" bounds="[516,514][669,608]" displayed="true" a11y-important="true" screen-reader-focusable="false" drawing-order="4" showing-hint="false" text-entry-key="false" dismissable="false" a11y-focused="false" heading="false" live-region="0" context-clickable="false" content-invalid="false" window-id="6962" />
                            </android.widget.LinearLayout>
                          </android.view.ViewGroup>
                          <android.widget.LinearLayout index="3" package="com.juvomos.pos" class="android.widget.LinearLayout" text="" checkable="false" checked="false" clickable="false" enabled="true" focusable="false" focused="false" long-clickable="false" password="false" scrollable="false" selected="false" bounds="[13,644][692,1284]" displayed="true" a11y-important="false" screen-reader-focusable="false" drawing-order="4" showing-hint="false" text-entry-key="false" dismissable="false" a11y-focused="false" heading="false" live-region="0" context-clickable="false" content-invalid="false" window-id="6962">
                            <android.widget.LinearLayout index="0" package="com.juvomos.pos" class="android.widget.LinearLayout" text="" checkable="false" checked="false" clickable="false" enabled="true" focusable="false" focused="false" long-clickable="false" password="false" scrollable="false" selected="false" bounds="[13,644][692,699]" displayed="true" a11y-important="false" screen-reader-focusable="false" drawing-order="1" showing-hint="false" text-entry-key="false" dismissable="false" a11y-focused="false" heading="false" live-region="0" context-clickable="false" content-invalid="false" window-id="6962">
                              <android.widget.TextView index="0" package="com.juvomos.pos" class="android.widget.TextView" text="Cnt." checkable="false" checked="false" clickable="false" enabled="true" focusable="false" focused="false" long-clickable="false" password="false" scrollable="false" selected="false" bounds="[13,644][110,699]" displayed="true" a11y-important="true" screen-reader-focusable="false" drawing-order="1" showing-hint="false" text-entry-key="false" dismissable="false" a11y-focused="false" heading="false" live-region="0" context-clickable="false" content-invalid="false" window-id="6962" />
                              <android.widget.TextView index="1" package="com.juvomos.pos" class="android.widget.TextView" text="Descripcion" checkable="false" checked="false" clickable="false" enabled="true" focusable="false" focused="false" long-clickable="false" password="false" scrollable="false" selected="false" bounds="[110,644][595,699]" displayed="true" a11y-important="true" screen-reader-focusable="false" drawing-order="2" showing-hint="false" text-entry-key="false" dismissable="false" a11y-focused="false" heading="false" live-region="0" context-clickable="false" content-invalid="false" window-id="6962" />
                              <android.widget.TextView index="2" package="com.juvomos.pos" class="android.widget.TextView" text="Total" checkable="false" checked="false" clickable="false" enabled="true" focusable="false" focused="false" long-clickable="false" password="false" scrollable="false" selected="false" bounds="[595,644][692,699]" displayed="true" a11y-important="true" screen-reader-focusable="false" drawing-order="3" showing-hint="false" text-entry-key="false" dismissable="false" a11y-focused="false" heading="false" live-region="0" context-clickable="false" content-invalid="false" window-id="6962" />
                            </android.widget.LinearLayout>
                            <android.view.View index="1" package="com.juvomos.pos" class="android.view.View" text="" resource-id="com.juvomos.pos:id/idHeaderDividerSection" checkable="false" checked="false" clickable="false" enabled="true" focusable="false" focused="false" long-clickable="false" password="false" scrollable="false" selected="false" bounds="[13,699][692,701]" displayed="true" a11y-important="false" screen-reader-focusable="false" drawing-order="2" showing-hint="false" text-entry-key="false" dismissable="false" a11y-focused="false" heading="false" live-region="0" context-clickable="false" content-invalid="false" window-id="6962" />
                            <androidx.recyclerview.widget.RecyclerView index="2" package="com.juvomos.pos" class="androidx.recyclerview.widget.RecyclerView" text="" resource-id="com.juvomos.pos:id/invoiceItemsRecycler" checkable="false" checked="false" clickable="false" enabled="true" focusable="true" focused="false" long-clickable="false" password="false" scrollable="false" selected="false" bounds="[13,720][692,1136]" displayed="true" a11y-important="true" screen-reader-focusable="false" drawing-order="3" showing-hint="false" text-entry-key="false" dismissable="false" a11y-focused="false" heading="false" live-region="0" context-clickable="false" content-invalid="false" window-id="6962">
                              <android.view.ViewGroup index="0" package="com.juvomos.pos" class="android.view.ViewGroup" text="" checkable="false" checked="false" clickable="true" enabled="true" focusable="false" focused="false" long-clickable="false" password="false" scrollable="false" selected="false" bounds="[13,720][692,821]" displayed="true" a11y-important="true" screen-reader-focusable="false" drawing-order="1" showing-hint="false" text-entry-key="false" dismissable="false" a11y-focused="false" heading="false" live-region="0" context-clickable="false" content-invalid="false" window-id="6962">
                                <androidx.recyclerview.widget.RecyclerView index="0" package="com.juvomos.pos" class="androidx.recyclerview.widget.RecyclerView" text="" resource-id="com.juvomos.pos:id/idTicketListRecycler" checkable="false" checked="false" clickable="false" enabled="true" focusable="true" focused="false" long-clickable="false" password="false" scrollable="false" selected="false" bounds="[13,729][692,812]" displayed="true" a11y-important="true" screen-reader-focusable="false" drawing-order="2" showing-hint="false" text-entry-key="false" dismissable="false" a11y-focused="false" heading="false" live-region="0" context-clickable="false" content-invalid="false" window-id="6962">
                                  <android.view.ViewGroup index="0" package="com.juvomos.pos" class="android.view.ViewGroup" text="" checkable="false" checked="false" clickable="true" enabled="true" focusable="false" focused="false" long-clickable="true" password="false" scrollable="false" selected="false" bounds="[13,729][692,804]" displayed="true" a11y-important="true" screen-reader-focusable="false" drawing-order="1" showing-hint="false" text-entry-key="false" dismissable="false" a11y-focused="false" heading="false" live-region="0" context-clickable="false" content-invalid="false" window-id="6962">
                                    <android.widget.LinearLayout index="0" package="com.juvomos.pos" class="android.widget.LinearLayout" text="" resource-id="com.juvomos.pos:id/linearLayout23" checkable="false" checked="false" clickable="false" enabled="true" focusable="false" focused="false" long-clickable="false" password="false" scrollable="false" selected="false" bounds="[21,729][684,804]" displayed="true" a11y-important="false" screen-reader-focusable="false" drawing-order="1" showing-hint="false" text-entry-key="false" dismissable="false" a11y-focused="false" heading="false" live-region="0" context-clickable="false" content-invalid="false" window-id="6962">
                                      <android.widget.TextView index="0" package="com.juvomos.pos" class="android.widget.TextView" text="1" resource-id="com.juvomos.pos:id/itemInvoiceQuantity" checkable="false" checked="false" clickable="false" enabled="true" focusable="false" focused="false" long-clickable="false" password="false" scrollable="false" selected="false" bounds="[21,729][59,804]" displayed="true" a11y-important="true" screen-reader-focusable="false" drawing-order="1" showing-hint="false" text-entry-key="false" dismissable="false" a11y-focused="false" heading="false" live-region="0" context-clickable="false" content-invalid="false" window-id="6962" />
                                      <android.widget.LinearLayout index="1" package="com.juvomos.pos" class="android.widget.LinearLayout" text="" checkable="false" checked="false" clickable="false" enabled="true" focusable="false" focused="false" long-clickable="false" password="false" scrollable="false" selected="false" bounds="[59,729][684,804]" displayed="true" a11y-important="false" screen-reader-focusable="false" drawing-order="2" showing-hint="false" text-entry-key="false" dismissable="false" a11y-focused="false" heading="false" live-region="0" context-clickable="false" content-invalid="false" window-id="6962">
                                        <android.widget.LinearLayout index="0" package="com.juvomos.pos" class="android.widget.LinearLayout" text="" checkable="false" checked="false" clickable="false" enabled="true" focusable="false" focused="false" long-clickable="false" password="false" scrollable="false" selected="false" bounds="[59,729][684,770]" displayed="true" a11y-important="false" screen-reader-focusable="false" drawing-order="1" showing-hint="false" text-entry-key="false" dismissable="false" a11y-focused="false" heading="false" live-region="0" context-clickable="false" content-invalid="false" window-id="6962">
                                          <android.widget.TextView index="0" package="com.juvomos.pos" class="android.widget.TextView" text="Burger Tender " resource-id="com.juvomos.pos:id/itemInvoiceName" checkable="false" checked="false" clickable="false" enabled="true" focusable="false" focused="false" long-clickable="false" password="false" scrollable="false" selected="false" bounds="[59,733][440,766]" displayed="true" a11y-important="true" screen-reader-focusable="false" drawing-order="1" showing-hint="false" text-entry-key="false" dismissable="false" a11y-focused="false" heading="false" live-region="0" context-clickable="false" content-invalid="false" window-id="6962" />
                                          <android.widget.LinearLayout index="1" package="com.juvomos.pos" class="android.widget.LinearLayout" text="" checkable="false" checked="false" clickable="false" enabled="true" focusable="false" focused="false" long-clickable="false" password="false" scrollable="false" selected="false" bounds="[440,729][567,770]" displayed="true" a11y-important="false" screen-reader-focusable="false" drawing-order="2" showing-hint="false" text-entry-key="false" dismissable="false" a11y-focused="false" heading="false" live-region="0" context-clickable="false" content-invalid="false" window-id="6962">
                                            <android.widget.ImageView index="0" package="com.juvomos.pos" class="android.widget.ImageView" text="" content-desc="Cancelar cuenta" resource-id="com.juvomos.pos:id/imageSend" checkable="false" checked="false" clickable="false" enabled="true" focusable="false" focused="false" long-clickable="false" password="false" scrollable="false" selected="false" bounds="[490,736][516,762]" displayed="true" a11y-important="true" screen-reader-focusable="false" drawing-order="4" showing-hint="false" text-entry-key="false" dismissable="false" a11y-focused="false" heading="false" live-region="0" context-clickable="false" content-invalid="false" window-id="6962" />
                                          </android.widget.LinearLayout>
                                          <android.widget.TextView index="2" package="com.juvomos.pos" class="android.widget.TextView" text="$8.30" resource-id="com.juvomos.pos:id/itemInvoicePrice" checkable="false" checked="false" clickable="false" enabled="true" focusable="false" focused="false" long-clickable="false" password="false" scrollable="false" selected="false" bounds="[567,729][683,770]" displayed="true" a11y-important="true" screen-reader-focusable="false" drawing-order="3" showing-hint="false" text-entry-key="false" dismissable="false" a11y-focused="false" heading="false" live-region="0" context-clickable="false" content-invalid="false" window-id="6962" />
                                        </android.widget.LinearLayout>
                                        <android.widget.LinearLayout index="1" package="com.juvomos.pos" class="android.widget.LinearLayout" text="" checkable="false" checked="false" clickable="false" enabled="true" focusable="false" focused="false" long-clickable="false" password="false" scrollable="false" selected="false" bounds="[59,770][684,804]" displayed="true" a11y-important="false" screen-reader-focusable="false" drawing-order="2" showing-hint="false" text-entry-key="false" dismissable="false" a11y-focused="false" heading="false" live-region="0" context-clickable="false" content-invalid="false" window-id="6962">
                                          <android.widget.TextView index="0" package="com.juvomos.pos" class="android.widget.TextView" text="$8.30" resource-id="com.juvomos.pos:id/itemInvoiceTotal" checkable="false" checked="false" clickable="false" enabled="true" focusable="false" focused="false" long-clickable="false" password="false" scrollable="false" selected="false" bounds="[59,770][684,804]" displayed="true" a11y-important="true" screen-reader-focusable="false" drawing-order="1" showing-hint="false" text-entry-key="false" dismissable="false" a11y-focused="false" heading="false" live-region="0" context-clickable="false" content-invalid="false" window-id="6962" />
                                        </android.widget.LinearLayout>
                                      </android.widget.LinearLayout>
                                    </android.widget.LinearLayout>
                                  </android.view.ViewGroup>
                                </androidx.recyclerview.widget.RecyclerView>
                              </android.view.ViewGroup>
                            </androidx.recyclerview.widget.RecyclerView>
                            <android.view.View index="3" package="com.juvomos.pos" class="android.view.View" text="" resource-id="com.juvomos.pos:id/idHeaderDividerSection2" checkable="false" checked="false" clickable="false" enabled="true" focusable="false" focused="false" long-clickable="false" password="false" scrollable="false" selected="false" bounds="[13,1136][692,1140]" displayed="true" a11y-important="false" screen-reader-focusable="false" drawing-order="4" showing-hint="false" text-entry-key="false" dismissable="false" a11y-focused="false" heading="false" live-region="0" context-clickable="false" content-invalid="false" window-id="6962" />
                            <androidx.recyclerview.widget.RecyclerView index="4" package="com.juvomos.pos" class="androidx.recyclerview.widget.RecyclerView" text="" resource-id="com.juvomos.pos:id/invoiceTotalRecycler" checkable="false" checked="false" clickable="false" enabled="true" focusable="true" focused="false" long-clickable="false" password="false" scrollable="false" selected="false" bounds="[13,1159][692,1283]" displayed="true" a11y-important="true" screen-reader-focusable="false" drawing-order="5" showing-hint="false" text-entry-key="false" dismissable="false" a11y-focused="false" heading="false" live-region="0" context-clickable="false" content-invalid="false" window-id="6962">
                              <android.view.ViewGroup index="0" package="com.juvomos.pos" class="android.view.ViewGroup" text="" resource-id="com.juvomos.pos:id/idContainerTotalValue" checkable="false" checked="false" clickable="false" enabled="true" focusable="false" focused="false" long-clickable="false" password="false" scrollable="false" selected="false" bounds="[13,1163][684,1197]" displayed="true" a11y-important="true" screen-reader-focusable="false" drawing-order="1" showing-hint="false" text-entry-key="false" dismissable="false" a11y-focused="false" heading="false" live-region="0" context-clickable="false" content-invalid="false" window-id="6962">
                                <android.widget.TextView index="0" package="com.juvomos.pos" class="android.widget.TextView" text="Subtotal:" resource-id="com.juvomos.pos:id/totalItemName" checkable="false" checked="false" clickable="false" enabled="true" focusable="false" focused="false" long-clickable="false" password="false" scrollable="false" selected="false" bounds="[13,1163][114,1197]" displayed="true" a11y-important="true" screen-reader-focusable="false" drawing-order="1" showing-hint="false" text-entry-key="false" dismissable="false" a11y-focused="false" heading="false" live-region="0" context-clickable="false" content-invalid="false" window-id="6962" />
                                <android.widget.TextView index="1" package="com.juvomos.pos" class="android.widget.TextView" text="$8.30" resource-id="com.juvomos.pos:id/totalItemValue" checkable="false" checked="false" clickable="false" enabled="true" focusable="false" focused="false" long-clickable="false" password="false" scrollable="false" selected="false" bounds="[609,1163][675,1197]" displayed="true" a11y-important="true" screen-reader-focusable="false" drawing-order="3" showing-hint="false" text-entry-key="false" dismissable="false" a11y-focused="false" heading="false" live-region="0" context-clickable="false" content-invalid="false" window-id="6962" />
                              </android.view.ViewGroup>
                              <android.view.ViewGroup index="1" package="com.juvomos.pos" class="android.view.ViewGroup" text="" resource-id="com.juvomos.pos:id/idContainerTotalValue" checkable="false" checked="false" clickable="false" enabled="true" focusable="false" focused="false" long-clickable="false" password="false" scrollable="false" selected="false" bounds="[13,1201][684,1235]" displayed="true" a11y-important="true" screen-reader-focusable="false" drawing-order="2" showing-hint="false" text-entry-key="false" dismissable="false" a11y-focused="false" heading="false" live-region="0" context-clickable="false" content-invalid="false" window-id="6962">
                                <android.widget.TextView index="0" package="com.juvomos.pos" class="android.widget.TextView" text="Impuestos" resource-id="com.juvomos.pos:id/totalItemName" checkable="false" checked="false" clickable="false" enabled="true" focusable="false" focused="false" long-clickable="false" password="false" scrollable="false" selected="false" bounds="[13,1201][128,1235]" displayed="true" a11y-important="true" screen-reader-focusable="false" drawing-order="1" showing-hint="false" text-entry-key="false" dismissable="false" a11y-focused="false" heading="false" live-region="0" context-clickable="false" content-invalid="false" window-id="6962" />
                                <android.widget.TextView index="1" package="com.juvomos.pos" class="android.widget.TextView" text="$0.58" resource-id="com.juvomos.pos:id/totalItemValue" checkable="false" checked="false" clickable="false" enabled="true" focusable="false" focused="false" long-clickable="false" password="false" scrollable="false" selected="false" bounds="[609,1201][675,1235]" displayed="true" a11y-important="true" screen-reader-focusable="false" drawing-order="3" showing-hint="false" text-entry-key="false" dismissable="false" a11y-focused="false" heading="false" live-region="0" context-clickable="false" content-invalid="false" window-id="6962" />
                              </android.view.ViewGroup>
                              <android.view.ViewGroup index="2" package="com.juvomos.pos" class="android.view.ViewGroup" text="" resource-id="com.juvomos.pos:id/idContainerTotalValue" checkable="false" checked="false" clickable="false" enabled="true" focusable="false" focused="false" long-clickable="false" password="false" scrollable="false" selected="false" bounds="[13,1239][684,1273]" displayed="true" a11y-important="true" screen-reader-focusable="false" drawing-order="3" showing-hint="false" text-entry-key="false" dismissable="false" a11y-focused="false" heading="false" live-region="0" context-clickable="false" content-invalid="false" window-id="6962">
                                <android.widget.TextView index="0" package="com.juvomos.pos" class="android.widget.TextView" text="Total" resource-id="com.juvomos.pos:id/totalItemName" checkable="false" checked="false" clickable="false" enabled="true" focusable="false" focused="false" long-clickable="false" password="false" scrollable="false" selected="false" bounds="[13,1239][69,1273]" displayed="true" a11y-important="true" screen-reader-focusable="false" drawing-order="1" showing-hint="false" text-entry-key="false" dismissable="false" a11y-focused="false" heading="false" live-region="0" context-clickable="false" content-invalid="false" window-id="6962" />
                                <android.widget.TextView index="1" package="com.juvomos.pos" class="android.widget.TextView" text="$8.88" resource-id="com.juvomos.pos:id/totalItemValue" checkable="false" checked="false" clickable="false" enabled="true" focusable="false" focused="false" long-clickable="false" password="false" scrollable="false" selected="false" bounds="[609,1239][675,1273]" displayed="true" a11y-important="true" screen-reader-focusable="false" drawing-order="3" showing-hint="false" text-entry-key="false" dismissable="false" a11y-focused="false" heading="false" live-region="0" context-clickable="false" content-invalid="false" window-id="6962" />
                              </android.view.ViewGroup>
                            </androidx.recyclerview.widget.RecyclerView>
                          </android.widget.LinearLayout>
                          <android.widget.LinearLayout index="4" package="com.juvomos.pos" class="android.widget.LinearLayout" text="" resource-id="com.juvomos.pos:id/layoutButtons" checkable="false" checked="false" clickable="false" enabled="true" focusable="false" focused="false" long-clickable="false" password="false" scrollable="false" selected="false" bounds="[13,1312][692,1510]" displayed="true" a11y-important="false" screen-reader-focusable="false" drawing-order="5" showing-hint="false" text-entry-key="false" dismissable="false" a11y-focused="false" heading="false" live-region="0" context-clickable="false" content-invalid="false" window-id="6962">
                            <android.widget.RelativeLayout index="0" package="com.juvomos.pos" class="android.widget.RelativeLayout" text="" checkable="false" checked="false" clickable="false" enabled="true" focusable="false" focused="false" long-clickable="false" password="false" scrollable="false" selected="false" bounds="[32,1331][673,1374]" displayed="true" a11y-important="false" screen-reader-focusable="false" drawing-order="1" showing-hint="false" text-entry-key="false" dismissable="false" a11y-focused="false" heading="false" live-region="0" context-clickable="false" content-invalid="false" window-id="6962">
                              <android.widget.TextView index="0" package="com.juvomos.pos" class="android.widget.TextView" text="Saldo Pendiente" resource-id="com.juvomos.pos:id/idTitleBalanceText" checkable="false" checked="false" clickable="false" enabled="true" focusable="false" focused="false" long-clickable="false" password="false" scrollable="false" selected="false" bounds="[41,1331][276,1374]" displayed="true" a11y-important="true" screen-reader-focusable="false" drawing-order="1" showing-hint="false" text-entry-key="false" dismissable="false" a11y-focused="false" heading="false" live-region="0" context-clickable="false" content-invalid="false" window-id="6962" />
                              <android.widget.TextView index="1" package="com.juvomos.pos" class="android.widget.TextView" text="$8.88" resource-id="com.juvomos.pos:id/idValueBalanceText" checkable="false" checked="false" clickable="false" enabled="true" focusable="false" focused="false" long-clickable="false" password="false" scrollable="false" selected="false" bounds="[561,1331][645,1374]" displayed="true" a11y-important="true" screen-reader-focusable="false" drawing-order="2" showing-hint="false" text-entry-key="false" dismissable="false" a11y-focused="false" heading="false" live-region="0" context-clickable="false" content-invalid="false" window-id="6962" />
                            </android.widget.RelativeLayout>
                            <android.widget.LinearLayout index="1" package="com.juvomos.pos" class="android.widget.LinearLayout" text="" checkable="false" checked="false" clickable="false" enabled="true" focusable="false" focused="false" long-clickable="false" password="false" scrollable="false" selected="false" bounds="[32,1393][673,1491]" displayed="true" a11y-important="false" screen-reader-focusable="false" drawing-order="2" showing-hint="false" text-entry-key="false" dismissable="false" a11y-focused="false" heading="false" live-region="0" context-clickable="false" content-invalid="false" window-id="6962">
                              <android.widget.Button index="0" package="com.juvomos.pos" class="android.widget.Button" text="Abrir" resource-id="com.juvomos.pos:id/btnRecall" checkable="false" checked="false" clickable="true" enabled="true" focusable="true" focused="false" long-clickable="false" password="false" scrollable="false" selected="false" bounds="[32,1393][239,1491]" displayed="true" a11y-important="true" screen-reader-focusable="false" drawing-order="1" showing-hint="false" text-entry-key="false" dismissable="false" a11y-focused="false" heading="false" live-region="0" context-clickable="false" content-invalid="false" window-id="6962" />
                              <android.widget.Button index="1" package="com.juvomos.pos" class="android.widget.Button" text="Imprimir" resource-id="com.juvomos.pos:id/btnPrintCheckRecall" checkable="false" checked="false" clickable="true" enabled="true" focusable="true" focused="false" long-clickable="false" password="false" scrollable="false" selected="false" bounds="[248,1393][456,1491]" displayed="true" a11y-important="true" screen-reader-focusable="false" drawing-order="2" showing-hint="false" text-entry-key="false" dismissable="false" a11y-focused="false" heading="false" live-region="0" context-clickable="false" content-invalid="false" window-id="6962" />
                              <android.widget.Button index="2" package="com.juvomos.pos" class="android.widget.Button" text="Pagar" resource-id="com.juvomos.pos:id/btnPayRecall" checkable="false" checked="false" clickable="true" enabled="true" focusable="true" focused="false" long-clickable="false" password="false" scrollable="false" selected="false" bounds="[465,1393][673,1491]" displayed="true" a11y-important="true" screen-reader-focusable="false" drawing-order="3" showing-hint="false" text-entry-key="false" dismissable="false" a11y-focused="false" heading="false" live-region="0" context-clickable="false" content-invalid="false" window-id="6962" />
                            </android.widget.LinearLayout>
                          </android.widget.LinearLayout>
                        </android.widget.LinearLayout>
                      </android.view.ViewGroup>
                    </android.widget.FrameLayout>
                  </android.widget.FrameLayout>
                </android.view.ViewGroup>
              </android.view.ViewGroup>
            </androidx.drawerlayout.widget.DrawerLayout>
          </android.widget.FrameLayout>
        </android.widget.LinearLayout>
      </android.widget.FrameLayout>
    </android.widget.LinearLayout>
  </android.widget.FrameLayout>
</hierarchy>