<?xml version='1.0' encoding='UTF-8' standalone='yes' ?>
<hierarchy index="0" class="hierarchy" rotation="0" width="720" height="1467">
  <android.widget.FrameLayout index="0" package="com.juvomos.pos" class="android.widget.FrameLayout" text="" checkable="false" checked="false" clickable="false" enabled="true" focusable="false" focused="false" long-clickable="false" password="false" scrollable="false" selected="false" bounds="[0,45][720,1600]" displayed="true" a11y-important="true" screen-reader-focusable="false" drawing-order="0" showing-hint="false" text-entry-key="false" dismissable="false" a11y-focused="false" heading="false" live-region="0" context-clickable="false" content-invalid="false" pane-title="" window-id="6962">
    <android.widget.LinearLayout index="0" package="com.juvomos.pos" class="android.widget.LinearLayout" text="" checkable="false" checked="false" clickable="false" enabled="true" focusable="false" focused="false" long-clickable="false" password="false" scrollable="false" selected="false" bounds="[0,45][720,1510]" displayed="true" a11y-important="false" screen-reader-focusable="false" drawing-order="1" showing-hint="false" text-entry-key="false" dismissable="false" a11y-focused="false" heading="false" live-region="0" context-clickable="false" content-invalid="false" window-id="6962">
      <android.widget.FrameLayout index="0" package="com.juvomos.pos" class="android.widget.FrameLayout" text="" checkable="false" checked="false" clickable="false" enabled="true" focusable="false" focused="false" long-clickable="false" password="false" scrollable="false" selected="false" bounds="[0,45][720,1510]" displayed="true" a11y-important="false" screen-reader-focusable="false" drawing-order="2" showing-hint="false" text-entry-key="false" dismissable="false" a11y-focused="false" heading="false" live-region="0" context-clickable="false" content-invalid="false" window-id="6962">
        <android.widget.LinearLayout index="0" package="com.juvomos.pos" class="android.widget.LinearLayout" text="" resource-id="com.juvomos.pos:id/action_bar_root" checkable="false" checked="false" clickable="false" enabled="true" focusable="false" focused="false" long-clickable="false" password="false" scrollable="false" selected="false" bounds="[0,45][720,1510]" displayed="true" a11y-important="false" screen-reader-focusable="false" drawing-order="1" showing-hint="false" text-entry-key="false" dismissable="false" a11y-focused="false" heading="false" live-region="0" context-clickable="false" content-invalid="false" window-id="6962">
          <android.widget.FrameLayout index="0" package="com.juvomos.pos" class="android.widget.FrameLayout" text="" resource-id="android:id/content" checkable="false" checked="false" clickable="false" enabled="true" focusable="false" focused="false" long-clickable="false" password="false" scrollable="false" selected="false" bounds="[0,45][720,1510]" displayed="true" a11y-important="false" screen-reader-focusable="false" drawing-order="2" showing-hint="false" text-entry-key="false" dismissable="false" a11y-focused="false" heading="false" live-region="0" context-clickable="false" content-invalid="false" window-id="6962">
            <androidx.drawerlayout.widget.DrawerLayout index="0" package="com.juvomos.pos" class="androidx.drawerlayout.widget.DrawerLayout" text="" resource-id="com.juvomos.pos:id/idDrawerLayout" checkable="false" checked="false" clickable="false" enabled="true" focusable="false" focused="false" long-clickable="false" password="false" scrollable="false" selected="false" bounds="[0,45][720,1510]" displayed="true" a11y-important="true" screen-reader-focusable="false" drawing-order="1" showing-hint="false" text-entry-key="false" dismissable="false" a11y-focused="false" heading="false" live-region="0" context-clickable="false" content-invalid="false" window-id="6962">
              <android.view.ViewGroup index="0" package="com.juvomos.pos" class="android.view.ViewGroup" text="" resource-id="com.juvomos.pos:id/app_bar_main" checkable="false" checked="false" clickable="false" enabled="true" focusable="false" focused="false" long-clickable="false" password="false" scrollable="false" selected="false" bounds="[0,45][720,1510]" displayed="true" a11y-important="true" screen-reader-focusable="false" drawing-order="1" showing-hint="false" text-entry-key="false" dismissable="false" a11y-focused="false" heading="false" live-region="0" context-clickable="false" content-invalid="false" window-id="6962">
                <android.view.ViewGroup index="0" package="com.juvomos.pos" class="android.view.ViewGroup" text="" resource-id="com.juvomos.pos:id/layout_toolbar_general" checkable="false" checked="false" clickable="false" enabled="true" focusable="false" focused="false" long-clickable="false" password="false" scrollable="false" selected="false" bounds="[0,45][720,150]" displayed="true" a11y-important="false" screen-reader-focusable="false" drawing-order="2" showing-hint="false" text-entry-key="false" dismissable="false" a11y-focused="false" heading="false" live-region="0" context-clickable="false" content-invalid="false" window-id="6962">
                  <android.widget.ImageButton index="0" package="com.juvomos.pos" class="android.widget.ImageButton" text="" content-desc="Abrir panel lateral de navegación" checkable="false" checked="false" clickable="true" enabled="true" focusable="true" focused="false" long-clickable="false" password="false" scrollable="false" selected="false" bounds="[0,45][105,150]" displayed="true" a11y-important="true" screen-reader-focusable="false" drawing-order="3" showing-hint="false" text-entry-key="false" dismissable="false" a11y-focused="false" heading="false" live-region="0" context-clickable="false" content-invalid="false" tooltip-text="Abrir panel lateral de navegación" window-id="6962" />
                  <android.widget.ImageView index="1" package="com.juvomos.pos" class="android.widget.ImageView" text="" checkable="false" checked="false" clickable="false" enabled="true" focusable="false" focused="false" long-clickable="false" password="false" scrollable="false" selected="false" bounds="[135,64][418,130]" displayed="true" a11y-important="false" screen-reader-focusable="false" drawing-order="1" showing-hint="false" text-entry-key="false" dismissable="false" a11y-focused="false" heading="false" live-region="0" context-clickable="false" content-invalid="false" window-id="6962" />
                  <androidx.appcompat.widget.LinearLayoutCompat index="2" package="com.juvomos.pos" class="androidx.appcompat.widget.LinearLayoutCompat" text="" checkable="false" checked="false" clickable="false" enabled="true" focusable="false" focused="false" long-clickable="false" password="false" scrollable="false" selected="false" bounds="[462,45][720,150]" displayed="true" a11y-important="false" screen-reader-focusable="false" drawing-order="2" showing-hint="false" text-entry-key="false" dismissable="false" a11y-focused="false" heading="false" live-region="0" context-clickable="false" content-invalid="false" window-id="6962">
                    <android.widget.Button index="0" package="com.juvomos.pos" class="android.widget.Button" text="" content-desc="Encendido" resource-id="com.juvomos.pos:id/menuButtonSettings" checkable="false" checked="false" clickable="true" enabled="true" focusable="true" focused="false" long-clickable="false" password="false" scrollable="false" selected="false" bounds="[462,52][553,142]" displayed="true" a11y-important="true" screen-reader-focusable="false" drawing-order="1" showing-hint="false" text-entry-key="false" dismissable="false" a11y-focused="false" heading="false" live-region="0" context-clickable="false" content-invalid="false" tooltip-text="Encendido" window-id="6962" />
                    <android.widget.Button index="1" package="com.juvomos.pos" class="android.widget.Button" text="" content-desc="Encendido" resource-id="com.juvomos.pos:id/idConnectionOnButton" checkable="false" checked="false" clickable="true" enabled="true" focusable="true" focused="false" long-clickable="false" password="false" scrollable="false" selected="false" bounds="[553,52][645,142]" displayed="true" a11y-important="true" screen-reader-focusable="false" drawing-order="2" showing-hint="false" text-entry-key="false" dismissable="false" a11y-focused="false" heading="false" live-region="0" context-clickable="false" content-invalid="false" tooltip-text="Encendido" window-id="6962" />
                    <android.widget.ImageView index="2" package="com.juvomos.pos" class="android.widget.ImageView" text="" content-desc="Más opciones" checkable="false" checked="false" clickable="true" enabled="true" focusable="true" focused="false" long-clickable="true" password="false" scrollable="false" selected="false" bounds="[645,52][720,142]" displayed="true" a11y-important="true" screen-reader-focusable="false" drawing-order="3" showing-hint="false" text-entry-key="false" dismissable="false" a11y-focused="false" heading="false" live-region="0" context-clickable="false" content-invalid="false" tooltip-text="Más opciones" window-id="6962" />
                  </androidx.appcompat.widget.LinearLayoutCompat>
                </android.view.ViewGroup>
                <android.view.ViewGroup index="1" package="com.juvomos.pos" class="android.view.ViewGroup" text="" checkable="false" checked="false" clickable="false" enabled="true" focusable="false" focused="false" long-clickable="false" password="false" scrollable="false" selected="false" bounds="[0,176][720,1510]" displayed="true" a11y-important="false" screen-reader-focusable="false" drawing-order="1" showing-hint="false" text-entry-key="false" dismissable="false" a11y-focused="false" heading="false" live-region="0" context-clickable="false" content-invalid="false" window-id="6962">
                  <android.widget.FrameLayout index="0" package="com.juvomos.pos" class="android.widget.FrameLayout" text="" resource-id="com.juvomos.pos:id/idContainerFragmentNavigation" checkable="false" checked="false" clickable="false" enabled="true" focusable="false" focused="false" long-clickable="false" password="false" scrollable="false" selected="false" bounds="[0,176][720,1510]" displayed="true" a11y-important="false" screen-reader-focusable="false" drawing-order="1" showing-hint="false" text-entry-key="false" dismissable="false" a11y-focused="false" heading="false" live-region="0" context-clickable="false" content-invalid="false" window-id="6962">
                    <android.widget.FrameLayout index="0" package="com.juvomos.pos" class="android.widget.FrameLayout" text="" resource-id="com.juvomos.pos:id/idContainerFragmentNavigation" checkable="false" checked="false" clickable="false" enabled="true" focusable="false" focused="false" long-clickable="false" password="false" scrollable="false" selected="false" bounds="[0,176][720,1510]" displayed="true" a11y-important="false" screen-reader-focusable="false" drawing-order="1" showing-hint="false" text-entry-key="false" dismissable="false" a11y-focused="false" heading="false" live-region="0" context-clickable="false" content-invalid="false" window-id="6962">
                      <android.view.ViewGroup index="0" package="com.juvomos.pos" class="android.view.ViewGroup" text="" resource-id="com.juvomos.pos:id/fragmentDispatchId" checkable="false" checked="false" clickable="false" enabled="true" focusable="false" focused="false" long-clickable="false" password="false" scrollable="false" selected="false" bounds="[0,176][720,1510]" displayed="true" a11y-important="false" screen-reader-focusable="false" drawing-order="1" showing-hint="false" text-entry-key="false" dismissable="false" a11y-focused="false" heading="false" live-region="0" context-clickable="false" content-invalid="false" window-id="6962">
                        <android.view.ViewGroup index="0" package="com.juvomos.pos" class="android.view.ViewGroup" text="" resource-id="com.juvomos.pos:id/containerDispatcherRightId" checkable="false" checked="false" clickable="false" enabled="true" focusable="false" focused="false" long-clickable="false" password="false" scrollable="false" selected="false" bounds="[38,214][682,1472]" displayed="true" a11y-important="false" screen-reader-focusable="false" drawing-order="2" showing-hint="false" text-entry-key="false" dismissable="false" a11y-focused="false" heading="false" live-region="0" context-clickable="false" content-invalid="false" window-id="6962">
                          <android.widget.LinearLayout index="0" package="com.juvomos.pos" class="android.widget.LinearLayout" text="" resource-id="com.juvomos.pos:id/layoutTabDispatchId" checkable="false" checked="false" clickable="false" enabled="true" focusable="false" focused="false" long-clickable="false" password="false" scrollable="false" selected="false" bounds="[66,242][654,332]" displayed="true" a11y-important="false" screen-reader-focusable="false" drawing-order="1" showing-hint="false" text-entry-key="false" dismissable="false" a11y-focused="false" heading="false" live-region="0" context-clickable="false" content-invalid="false" window-id="6962">
                            <android.widget.RelativeLayout index="0" package="com.juvomos.pos" class="android.widget.RelativeLayout" text="" resource-id="com.juvomos.pos:id/btnUnassigned" checkable="false" checked="false" clickable="true" enabled="true" focusable="false" focused="false" long-clickable="false" password="false" scrollable="false" selected="false" bounds="[84,251][256,323]" displayed="true" a11y-important="true" screen-reader-focusable="false" drawing-order="1" showing-hint="false" text-entry-key="false" dismissable="false" a11y-focused="false" heading="false" live-region="0" context-clickable="false" content-invalid="false" window-id="6962">
                              <android.widget.TextView index="0" package="com.juvomos.pos" class="android.widget.TextView" text="Sin Asignar" resource-id="com.juvomos.pos:id/txtUnassigned" checkable="false" checked="false" clickable="false" enabled="true" focusable="false" focused="false" long-clickable="false" password="false" scrollable="false" selected="false" bounds="[103,270][237,304]" displayed="true" a11y-important="true" screen-reader-focusable="false" drawing-order="1" showing-hint="false" text-entry-key="false" dismissable="false" a11y-focused="false" heading="false" live-region="0" context-clickable="false" content-invalid="false" window-id="6962" />
                            </android.widget.RelativeLayout>
                            <android.widget.RelativeLayout index="1" package="com.juvomos.pos" class="android.widget.RelativeLayout" text="" resource-id="com.juvomos.pos:id/btnInRoute" checkable="false" checked="false" clickable="true" enabled="true" focusable="false" focused="false" long-clickable="false" password="false" scrollable="false" selected="false" bounds="[274,251][446,323]" displayed="true" a11y-important="true" screen-reader-focusable="false" drawing-order="2" showing-hint="false" text-entry-key="false" dismissable="false" a11y-focused="false" heading="false" live-region="0" context-clickable="false" content-invalid="false" window-id="6962">
                              <android.widget.TextView index="0" package="com.juvomos.pos" class="android.widget.TextView" text="En Ruta" resource-id="com.juvomos.pos:id/txtInRoute" checkable="false" checked="false" clickable="false" enabled="true" focusable="false" focused="false" long-clickable="false" password="false" scrollable="false" selected="false" bounds="[293,270][427,304]" displayed="true" a11y-important="true" screen-reader-focusable="false" drawing-order="1" showing-hint="false" text-entry-key="false" dismissable="false" a11y-focused="false" heading="false" live-region="0" context-clickable="false" content-invalid="false" window-id="6962" />
                            </android.widget.RelativeLayout>
                            <android.widget.RelativeLayout index="2" package="com.juvomos.pos" class="android.widget.RelativeLayout" text="" resource-id="com.juvomos.pos:id/btnInDelivery" checkable="false" checked="false" clickable="true" enabled="true" focusable="false" focused="false" long-clickable="false" password="false" scrollable="false" selected="false" bounds="[464,251][636,323]" displayed="true" a11y-important="true" screen-reader-focusable="false" drawing-order="3" showing-hint="false" text-entry-key="false" dismissable="false" a11y-focused="false" heading="false" live-region="0" context-clickable="false" content-invalid="false" window-id="6962">
                              <android.widget.TextView index="0" package="com.juvomos.pos" class="android.widget.TextView" text="Entregado" resource-id="com.juvomos.pos:id/txtInDelivery" checkable="false" checked="false" clickable="false" enabled="true" focusable="false" focused="false" long-clickable="false" password="false" scrollable="false" selected="false" bounds="[483,270][617,304]" displayed="true" a11y-important="true" screen-reader-focusable="false" drawing-order="1" showing-hint="false" text-entry-key="false" dismissable="false" a11y-focused="false" heading="false" live-region="0" context-clickable="false" content-invalid="false" window-id="6962" />
                            </android.widget.RelativeLayout>
                          </android.widget.LinearLayout>
                          <android.widget.LinearLayout index="1" package="com.juvomos.pos" class="android.widget.LinearLayout" text="" resource-id="com.juvomos.pos:id/searchCheckInDispatch" checkable="false" checked="false" clickable="false" enabled="true" focusable="false" focused="false" long-clickable="false" password="false" scrollable="false" selected="false" bounds="[85,351][635,445]" displayed="true" a11y-important="false" screen-reader-focusable="false" drawing-order="2" showing-hint="false" text-entry-key="false" dismissable="false" a11y-focused="false" heading="false" live-region="0" context-clickable="false" content-invalid="false" window-id="6962">
                            <android.widget.ImageView index="0" package="com.juvomos.pos" class="android.widget.ImageView" text="" content-desc="Valor" resource-id="com.juvomos.pos:id/btnSearch" checkable="false" checked="false" clickable="false" enabled="true" focusable="false" focused="false" long-clickable="false" password="false" scrollable="false" selected="false" bounds="[85,379][123,417]" displayed="true" a11y-important="true" screen-reader-focusable="false" drawing-order="1" showing-hint="false" text-entry-key="false" dismissable="false" a11y-focused="false" heading="false" live-region="0" context-clickable="false" content-invalid="false" window-id="6962" />
                            <android.widget.EditText index="1" package="com.juvomos.pos" class="android.widget.EditText" text="Buscar empleado" resource-id="com.juvomos.pos:id/editEmployeeSearch" checkable="false" checked="false" clickable="true" enabled="true" focusable="true" focused="false" long-clickable="true" password="false" scrollable="false" selected="false" bounds="[138,351][635,445]" displayed="true" hint="Buscar empleado" a11y-important="true" screen-reader-focusable="false" input-type="1" drawing-order="2" showing-hint="true" text-entry-key="false" multiline="false" dismissable="false" a11y-focused="false" heading="false" live-region="0" context-clickable="false" max-text-length="5000" content-invalid="false" window-id="6962" />
                          </android.widget.LinearLayout>
                          <android.widget.GridView index="2" package="com.juvomos.pos" class="android.widget.GridView" text="" resource-id="com.juvomos.pos:id/dispatchInvoicesRecycler" checkable="false" checked="false" clickable="false" enabled="true" focusable="true" focused="false" long-clickable="false" password="false" scrollable="false" selected="false" bounds="[66,473][654,1444]" displayed="true" a11y-important="true" screen-reader-focusable="false" drawing-order="3" showing-hint="false" text-entry-key="false" dismissable="false" a11y-focused="false" heading="false" live-region="0" context-clickable="false" content-invalid="false" window-id="6962" />
                        </android.view.ViewGroup>
                      </android.view.ViewGroup>
                    </android.widget.FrameLayout>
                  </android.widget.FrameLayout>
                </android.view.ViewGroup>
              </android.view.ViewGroup>
            </androidx.drawerlayout.widget.DrawerLayout>
          </android.widget.FrameLayout>
        </android.widget.LinearLayout>
      </android.widget.FrameLayout>
    </android.widget.LinearLayout>
  </android.widget.FrameLayout>
</hierarchy>