<?xml version='1.0' encoding='UTF-8' standalone='yes' ?>
<hierarchy index="0" class="hierarchy" rotation="0" width="720" height="1467">
  <android.widget.FrameLayout index="0" package="com.juvomos.pos" class="android.widget.FrameLayout" text="" checkable="false" checked="false" clickable="false" enabled="true" focusable="false" focused="false" long-clickable="false" password="false" scrollable="false" selected="false" bounds="[0,45][720,1600]" displayed="true" a11y-important="true" screen-reader-focusable="false" drawing-order="0" showing-hint="false" text-entry-key="false" dismissable="false" a11y-focused="false" heading="false" live-region="0" context-clickable="false" content-invalid="false" pane-title="" window-id="6962">
    <android.widget.LinearLayout index="0" package="com.juvomos.pos" class="android.widget.LinearLayout" text="" checkable="false" checked="false" clickable="false" enabled="true" focusable="false" focused="false" long-clickable="false" password="false" scrollable="false" selected="false" bounds="[0,45][720,1510]" displayed="true" a11y-important="false" screen-reader-focusable="false" drawing-order="1" showing-hint="false" text-entry-key="false" dismissable="false" a11y-focused="false" heading="false" live-region="0" context-clickable="false" content-invalid="false" window-id="6962">
      <android.widget.FrameLayout index="0" package="com.juvomos.pos" class="android.widget.FrameLayout" text="" checkable="false" checked="false" clickable="false" enabled="true" focusable="false" focused="false" long-clickable="false" password="false" scrollable="false" selected="false" bounds="[0,45][720,1510]" displayed="true" a11y-important="false" screen-reader-focusable="false" drawing-order="2" showing-hint="false" text-entry-key="false" dismissable="false" a11y-focused="false" heading="false" live-region="0" context-clickable="false" content-invalid="false" window-id="6962">
        <android.widget.LinearLayout index="0" package="com.juvomos.pos" class="android.widget.LinearLayout" text="" resource-id="com.juvomos.pos:id/action_bar_root" checkable="false" checked="false" clickable="false" enabled="true" focusable="false" focused="false" long-clickable="false" password="false" scrollable="false" selected="false" bounds="[0,45][720,1510]" displayed="true" a11y-important="false" screen-reader-focusable="false" drawing-order="1" showing-hint="false" text-entry-key="false" dismissable="false" a11y-focused="false" heading="false" live-region="0" context-clickable="false" content-invalid="false" window-id="6962">
          <android.widget.FrameLayout index="0" package="com.juvomos.pos" class="android.widget.FrameLayout" text="" resource-id="android:id/content" checkable="false" checked="false" clickable="false" enabled="true" focusable="false" focused="false" long-clickable="false" password="false" scrollable="false" selected="false" bounds="[0,45][720,1510]" displayed="true" a11y-important="false" screen-reader-focusable="false" drawing-order="2" showing-hint="false" text-entry-key="false" dismissable="false" a11y-focused="false" heading="false" live-region="0" context-clickable="false" content-invalid="false" window-id="6962">
            <androidx.drawerlayout.widget.DrawerLayout index="0" package="com.juvomos.pos" class="androidx.drawerlayout.widget.DrawerLayout" text="" resource-id="com.juvomos.pos:id/idDrawerLayout" checkable="false" checked="false" clickable="false" enabled="true" focusable="false" focused="false" long-clickable="false" password="false" scrollable="false" selected="false" bounds="[0,45][720,1510]" displayed="true" a11y-important="true" screen-reader-focusable="false" drawing-order="1" showing-hint="false" text-entry-key="false" dismissable="false" a11y-focused="false" heading="false" live-region="0" context-clickable="false" content-invalid="false" window-id="6962">
              <android.view.ViewGroup index="0" package="com.juvomos.pos" class="android.view.ViewGroup" text="" resource-id="com.juvomos.pos:id/app_bar_main" checkable="false" checked="false" clickable="false" enabled="true" focusable="false" focused="false" long-clickable="false" password="false" scrollable="false" selected="false" bounds="[0,45][720,1510]" displayed="true" a11y-important="true" screen-reader-focusable="false" drawing-order="1" showing-hint="false" text-entry-key="false" dismissable="false" a11y-focused="false" heading="false" live-region="0" context-clickable="false" content-invalid="false" window-id="6962">
                <android.view.ViewGroup index="0" package="com.juvomos.pos" class="android.view.ViewGroup" text="" resource-id="com.juvomos.pos:id/layout_toolbar_general" checkable="false" checked="false" clickable="false" enabled="true" focusable="false" focused="false" long-clickable="false" password="false" scrollable="false" selected="false" bounds="[0,45][720,150]" displayed="true" a11y-important="false" screen-reader-focusable="false" drawing-order="2" showing-hint="false" text-entry-key="false" dismissable="false" a11y-focused="false" heading="false" live-region="0" context-clickable="false" content-invalid="false" window-id="6962">
                  <android.widget.ImageButton index="0" package="com.juvomos.pos" class="android.widget.ImageButton" text="" content-desc="Abrir panel lateral de navegación" checkable="false" checked="false" clickable="true" enabled="true" focusable="true" focused="false" long-clickable="false" password="false" scrollable="false" selected="false" bounds="[0,45][105,150]" displayed="true" a11y-important="true" screen-reader-focusable="false" drawing-order="3" showing-hint="false" text-entry-key="false" dismissable="false" a11y-focused="false" heading="false" live-region="0" context-clickable="false" content-invalid="false" tooltip-text="Abrir panel lateral de navegación" window-id="6962" />
                  <android.widget.ImageView index="1" package="com.juvomos.pos" class="android.widget.ImageView" text="" checkable="false" checked="false" clickable="false" enabled="true" focusable="false" focused="false" long-clickable="false" password="false" scrollable="false" selected="false" bounds="[135,64][418,130]" displayed="true" a11y-important="false" screen-reader-focusable="false" drawing-order="1" showing-hint="false" text-entry-key="false" dismissable="false" a11y-focused="false" heading="false" live-region="0" context-clickable="false" content-invalid="false" window-id="6962" />
                  <androidx.appcompat.widget.LinearLayoutCompat index="2" package="com.juvomos.pos" class="androidx.appcompat.widget.LinearLayoutCompat" text="" checkable="false" checked="false" clickable="false" enabled="true" focusable="false" focused="false" long-clickable="false" password="false" scrollable="false" selected="false" bounds="[462,45][720,150]" displayed="true" a11y-important="false" screen-reader-focusable="false" drawing-order="2" showing-hint="false" text-entry-key="false" dismissable="false" a11y-focused="false" heading="false" live-region="0" context-clickable="false" content-invalid="false" window-id="6962">
                    <android.widget.Button index="0" package="com.juvomos.pos" class="android.widget.Button" text="" content-desc="Encendido" resource-id="com.juvomos.pos:id/menuButtonSettings" checkable="false" checked="false" clickable="true" enabled="true" focusable="true" focused="false" long-clickable="false" password="false" scrollable="false" selected="false" bounds="[462,52][553,142]" displayed="true" a11y-important="true" screen-reader-focusable="false" drawing-order="1" showing-hint="false" text-entry-key="false" dismissable="false" a11y-focused="false" heading="false" live-region="0" context-clickable="false" content-invalid="false" tooltip-text="Encendido" window-id="6962" />
                    <android.widget.Button index="1" package="com.juvomos.pos" class="android.widget.Button" text="" content-desc="Encendido" resource-id="com.juvomos.pos:id/idConnectionOnButton" checkable="false" checked="false" clickable="true" enabled="true" focusable="true" focused="false" long-clickable="false" password="false" scrollable="false" selected="false" bounds="[553,52][645,142]" displayed="true" a11y-important="true" screen-reader-focusable="false" drawing-order="2" showing-hint="false" text-entry-key="false" dismissable="false" a11y-focused="false" heading="false" live-region="0" context-clickable="false" content-invalid="false" tooltip-text="Encendido" window-id="6962" />
                    <android.widget.ImageView index="2" package="com.juvomos.pos" class="android.widget.ImageView" text="" content-desc="Más opciones" checkable="false" checked="false" clickable="true" enabled="true" focusable="true" focused="false" long-clickable="true" password="false" scrollable="false" selected="false" bounds="[645,52][720,142]" displayed="true" a11y-important="true" screen-reader-focusable="false" drawing-order="3" showing-hint="false" text-entry-key="false" dismissable="false" a11y-focused="false" heading="false" live-region="0" context-clickable="false" content-invalid="false" tooltip-text="Más opciones" window-id="6962" />
                  </androidx.appcompat.widget.LinearLayoutCompat>
                </android.view.ViewGroup>
                <android.view.ViewGroup index="1" package="com.juvomos.pos" class="android.view.ViewGroup" text="" checkable="false" checked="false" clickable="false" enabled="true" focusable="false" focused="false" long-clickable="false" password="false" scrollable="false" selected="false" bounds="[0,176][720,1510]" displayed="true" a11y-important="false" screen-reader-focusable="false" drawing-order="1" showing-hint="false" text-entry-key="false" dismissable="false" a11y-focused="false" heading="false" live-region="0" context-clickable="false" content-invalid="false" window-id="6962">
                  <android.widget.FrameLayout index="0" package="com.juvomos.pos" class="android.widget.FrameLayout" text="" resource-id="com.juvomos.pos:id/idContainerFragmentNavigation" checkable="false" checked="false" clickable="false" enabled="true" focusable="false" focused="false" long-clickable="false" password="false" scrollable="false" selected="false" bounds="[0,176][720,1510]" displayed="true" a11y-important="false" screen-reader-focusable="false" drawing-order="1" showing-hint="false" text-entry-key="false" dismissable="false" a11y-focused="false" heading="false" live-region="0" context-clickable="false" content-invalid="false" window-id="6962">
                    <android.widget.FrameLayout index="0" package="com.juvomos.pos" class="android.widget.FrameLayout" text="" resource-id="com.juvomos.pos:id/idContainerFragmentNavigation" checkable="false" checked="false" clickable="false" enabled="true" focusable="false" focused="false" long-clickable="false" password="false" scrollable="false" selected="false" bounds="[0,176][720,1510]" displayed="true" a11y-important="false" screen-reader-focusable="false" drawing-order="1" showing-hint="false" text-entry-key="false" dismissable="false" a11y-focused="false" heading="false" live-region="0" context-clickable="false" content-invalid="false" window-id="6962">
                      <android.view.ViewGroup index="0" package="com.juvomos.pos" class="android.view.ViewGroup" text="" checkable="false" checked="false" clickable="false" enabled="true" focusable="false" focused="false" long-clickable="false" password="false" scrollable="false" selected="false" bounds="[0,176][720,1510]" displayed="true" a11y-important="false" screen-reader-focusable="false" drawing-order="1" showing-hint="false" text-entry-key="false" dismissable="false" a11y-focused="false" heading="false" live-region="0" context-clickable="false" content-invalid="false" window-id="6962">
                        <android.widget.FrameLayout index="0" package="com.juvomos.pos" class="android.widget.FrameLayout" text="" resource-id="com.juvomos.pos:id/idSettingsContainer" checkable="false" checked="false" clickable="false" enabled="true" focusable="false" focused="false" long-clickable="false" password="false" scrollable="false" selected="false" bounds="[0,176][720,1510]" displayed="true" a11y-important="false" screen-reader-focusable="false" drawing-order="1" showing-hint="false" text-entry-key="false" dismissable="false" a11y-focused="false" heading="false" live-region="0" context-clickable="false" content-invalid="false" window-id="6962">
                          <android.widget.FrameLayout index="0" package="com.juvomos.pos" class="android.widget.FrameLayout" text="" checkable="false" checked="false" clickable="false" enabled="true" focusable="false" focused="false" long-clickable="false" password="false" scrollable="false" selected="false" bounds="[0,176][720,1510]" displayed="true" a11y-important="false" screen-reader-focusable="false" drawing-order="1" showing-hint="false" text-entry-key="false" dismissable="false" a11y-focused="false" heading="false" live-region="0" context-clickable="false" content-invalid="false" window-id="6962">
                            <android.view.ViewGroup index="0" package="com.juvomos.pos" class="android.view.ViewGroup" text="" checkable="false" checked="false" clickable="false" enabled="true" focusable="false" focused="false" long-clickable="false" password="false" scrollable="false" selected="false" bounds="[19,195][701,1491]" displayed="true" a11y-important="false" screen-reader-focusable="false" drawing-order="1" showing-hint="false" text-entry-key="false" dismissable="false" a11y-focused="false" heading="false" live-region="0" context-clickable="false" content-invalid="false" window-id="6962">
                              <android.widget.FrameLayout index="0" package="com.juvomos.pos" class="android.widget.FrameLayout" text="" resource-id="com.juvomos.pos:id/settingHeader" checkable="false" checked="false" clickable="false" enabled="true" focusable="false" focused="false" long-clickable="false" password="false" scrollable="false" selected="false" bounds="[19,279][701,392]" displayed="true" a11y-important="false" screen-reader-focusable="false" drawing-order="1" showing-hint="false" text-entry-key="false" dismissable="false" a11y-focused="false" heading="false" live-region="0" context-clickable="false" content-invalid="false" window-id="6962">
                                <android.widget.TextView index="0" package="com.juvomos.pos" class="android.widget.TextView" text="Configuraciones" checkable="false" checked="false" clickable="false" enabled="true" focusable="false" focused="false" long-clickable="false" password="false" scrollable="false" selected="false" bounds="[19,279][701,392]" displayed="true" a11y-important="true" screen-reader-focusable="false" drawing-order="1" showing-hint="false" text-entry-key="false" dismissable="false" a11y-focused="false" heading="false" live-region="0" context-clickable="false" content-invalid="false" window-id="6962" />
                              </android.widget.FrameLayout>
                              <android.view.View index="1" package="com.juvomos.pos" class="android.view.View" text="" resource-id="com.juvomos.pos:id/settingsContainer" checkable="false" checked="false" clickable="false" enabled="true" focusable="false" focused="false" long-clickable="false" password="false" scrollable="false" selected="false" bounds="[19,420][701,1472]" displayed="true" a11y-important="false" screen-reader-focusable="false" drawing-order="2" showing-hint="false" text-entry-key="false" dismissable="false" a11y-focused="false" heading="false" live-region="0" context-clickable="false" content-invalid="false" window-id="6962" />
                              <android.widget.LinearLayout index="2" package="com.juvomos.pos" class="android.widget.LinearLayout" text="" resource-id="com.juvomos.pos:id/btnCloseDay" checkable="false" checked="false" clickable="true" enabled="true" focusable="false" focused="false" long-clickable="false" password="false" scrollable="false" selected="false" bounds="[70,594][351,932]" displayed="true" a11y-important="true" screen-reader-focusable="false" drawing-order="6" showing-hint="false" text-entry-key="false" dismissable="false" a11y-focused="false" heading="false" live-region="0" context-clickable="false" content-invalid="false" window-id="6962">
                                <android.widget.ImageView index="0" package="com.juvomos.pos" class="android.widget.ImageView" text="" content-desc="Volver al PIN" resource-id="com.juvomos.pos:id/imgCloseDay" checkable="false" checked="false" clickable="false" enabled="true" focusable="false" focused="false" long-clickable="false" password="false" scrollable="false" selected="false" bounds="[89,639][220,770]" displayed="true" a11y-important="true" screen-reader-focusable="false" drawing-order="1" showing-hint="false" text-entry-key="false" dismissable="false" a11y-focused="false" heading="false" live-region="0" context-clickable="false" content-invalid="false" window-id="6962" />
                                <android.widget.TextView index="1" package="com.juvomos.pos" class="android.widget.TextView" text="Cierre Día Laboral" resource-id="com.juvomos.pos:id/CloseDayTxt" checkable="false" checked="false" clickable="false" enabled="true" focusable="false" focused="false" long-clickable="false" password="false" scrollable="false" selected="false" bounds="[89,808][332,887]" displayed="true" a11y-important="true" screen-reader-focusable="false" drawing-order="2" showing-hint="false" text-entry-key="false" dismissable="false" a11y-focused="false" heading="false" live-region="0" context-clickable="false" content-invalid="false" window-id="6962" />
                              </android.widget.LinearLayout>
                              <android.widget.LinearLayout index="3" package="com.juvomos.pos" class="android.widget.LinearLayout" text="" resource-id="com.juvomos.pos:id/btnDevices" checkable="false" checked="false" clickable="true" enabled="true" focusable="false" focused="false" long-clickable="true" password="false" scrollable="false" selected="false" bounds="[370,594][651,932]" displayed="true" a11y-important="true" screen-reader-focusable="false" drawing-order="4" showing-hint="false" text-entry-key="false" dismissable="false" a11y-focused="false" heading="false" live-region="0" context-clickable="false" content-invalid="false" window-id="6962">
                                <android.widget.ImageView index="0" package="com.juvomos.pos" class="android.widget.ImageView" text="" content-desc="Volver al PIN" resource-id="com.juvomos.pos:id/devicesImage" checkable="false" checked="false" clickable="false" enabled="true" focusable="false" focused="false" long-clickable="false" password="false" scrollable="false" selected="false" bounds="[389,657][520,788]" displayed="true" a11y-important="true" screen-reader-focusable="false" drawing-order="1" showing-hint="false" text-entry-key="false" dismissable="false" a11y-focused="false" heading="false" live-region="0" context-clickable="false" content-invalid="false" window-id="6962" />
                                <android.widget.TextView index="1" package="com.juvomos.pos" class="android.widget.TextView" text="Dispositivos" resource-id="com.juvomos.pos:id/devicesText" checkable="false" checked="false" clickable="false" enabled="true" focusable="false" focused="false" long-clickable="false" password="false" scrollable="false" selected="false" bounds="[389,826][632,869]" displayed="true" a11y-important="true" screen-reader-focusable="false" drawing-order="2" showing-hint="false" text-entry-key="false" dismissable="false" a11y-focused="false" heading="false" live-region="0" context-clickable="false" content-invalid="false" window-id="6962" />
                              </android.widget.LinearLayout>
                              <android.widget.LinearLayout index="4" package="com.juvomos.pos" class="android.widget.LinearLayout" text="" resource-id="com.juvomos.pos:id/generalSettingsBtn" checkable="false" checked="false" clickable="true" enabled="true" focusable="false" focused="false" long-clickable="false" password="false" scrollable="false" selected="false" bounds="[70,960][351,1298]" displayed="true" a11y-important="true" screen-reader-focusable="false" drawing-order="7" showing-hint="false" text-entry-key="false" dismissable="false" a11y-focused="false" heading="false" live-region="0" context-clickable="false" content-invalid="false" window-id="6962">
                                <android.widget.ImageView index="0" package="com.juvomos.pos" class="android.widget.ImageView" text="" content-desc="Volver al PIN" resource-id="com.juvomos.pos:id/generalSettingImage" checkable="false" checked="false" clickable="false" enabled="true" focusable="false" focused="false" long-clickable="false" password="false" scrollable="false" selected="false" bounds="[89,1023][220,1154]" displayed="true" a11y-important="true" screen-reader-focusable="false" drawing-order="1" showing-hint="false" text-entry-key="false" dismissable="false" a11y-focused="false" heading="false" live-region="0" context-clickable="false" content-invalid="false" window-id="6962" />
                                <android.widget.TextView index="1" package="com.juvomos.pos" class="android.widget.TextView" text="Config. General" resource-id="com.juvomos.pos:id/generalSettingImageText" checkable="false" checked="false" clickable="false" enabled="true" focusable="false" focused="false" long-clickable="false" password="false" scrollable="false" selected="false" bounds="[89,1192][332,1235]" displayed="true" a11y-important="true" screen-reader-focusable="false" drawing-order="2" showing-hint="false" text-entry-key="false" dismissable="false" a11y-focused="false" heading="false" live-region="0" context-clickable="false" content-invalid="false" window-id="6962" />
                              </android.widget.LinearLayout>
                            </android.view.ViewGroup>
                          </android.widget.FrameLayout>
                        </android.widget.FrameLayout>
                      </android.view.ViewGroup>
                    </android.widget.FrameLayout>
                  </android.widget.FrameLayout>
                </android.view.ViewGroup>
              </android.view.ViewGroup>
            </androidx.drawerlayout.widget.DrawerLayout>
          </android.widget.FrameLayout>
        </android.widget.LinearLayout>
      </android.widget.FrameLayout>
    </android.widget.LinearLayout>
  </android.widget.FrameLayout>
</hierarchy>