<?xml version='1.0' encoding='UTF-8' standalone='yes' ?>
<hierarchy index="0" class="hierarchy" rotation="0" width="720" height="1467">
  <android.widget.FrameLayout index="0" package="com.juvomos.pos" class="android.widget.FrameLayout" text="" checkable="false" checked="false" clickable="false" enabled="true" focusable="false" focused="false" long-clickable="false" password="false" scrollable="false" selected="false" bounds="[0,45][720,1600]" displayed="true" a11y-important="true" screen-reader-focusable="false" drawing-order="0" showing-hint="false" text-entry-key="false" dismissable="false" a11y-focused="false" heading="false" live-region="0" context-clickable="false" content-invalid="false" pane-title="" window-id="6138">
    <android.widget.LinearLayout index="0" package="com.juvomos.pos" class="android.widget.LinearLayout" text="" checkable="false" checked="false" clickable="false" enabled="true" focusable="false" focused="false" long-clickable="false" password="false" scrollable="false" selected="false" bounds="[0,45][720,1510]" displayed="true" a11y-important="false" screen-reader-focusable="false" drawing-order="1" showing-hint="false" text-entry-key="false" dismissable="false" a11y-focused="false" heading="false" live-region="0" context-clickable="false" content-invalid="false" window-id="6138">
      <android.widget.FrameLayout index="0" package="com.juvomos.pos" class="android.widget.FrameLayout" text="" checkable="false" checked="false" clickable="false" enabled="true" focusable="false" focused="false" long-clickable="false" password="false" scrollable="false" selected="false" bounds="[0,45][720,1510]" displayed="true" a11y-important="false" screen-reader-focusable="false" drawing-order="2" showing-hint="false" text-entry-key="false" dismissable="false" a11y-focused="false" heading="false" live-region="0" context-clickable="false" content-invalid="false" window-id="6138">
        <android.widget.LinearLayout index="0" package="com.juvomos.pos" class="android.widget.LinearLayout" text="" resource-id="com.juvomos.pos:id/action_bar_root" checkable="false" checked="false" clickable="false" enabled="true" focusable="false" focused="false" long-clickable="false" password="false" scrollable="false" selected="false" bounds="[0,45][720,1510]" displayed="true" a11y-important="false" screen-reader-focusable="false" drawing-order="1" showing-hint="false" text-entry-key="false" dismissable="false" a11y-focused="false" heading="false" live-region="0" context-clickable="false" content-invalid="false" window-id="6138">
          <android.widget.FrameLayout index="0" package="com.juvomos.pos" class="android.widget.FrameLayout" text="" resource-id="android:id/content" checkable="false" checked="false" clickable="false" enabled="true" focusable="false" focused="false" long-clickable="false" password="false" scrollable="false" selected="false" bounds="[0,45][720,1510]" displayed="true" a11y-important="false" screen-reader-focusable="false" drawing-order="2" showing-hint="false" text-entry-key="false" dismissable="false" a11y-focused="false" heading="false" live-region="0" context-clickable="false" content-invalid="false" window-id="6138">
            <androidx.drawerlayout.widget.DrawerLayout index="0" package="com.juvomos.pos" class="androidx.drawerlayout.widget.DrawerLayout" text="" resource-id="com.juvomos.pos:id/idDrawerLayout" checkable="false" checked="false" clickable="false" enabled="true" focusable="false" focused="false" long-clickable="false" password="false" scrollable="false" selected="false" bounds="[0,45][720,1510]" displayed="true" a11y-important="true" screen-reader-focusable="false" drawing-order="1" showing-hint="false" text-entry-key="false" dismissable="false" a11y-focused="false" heading="false" live-region="0" context-clickable="false" content-invalid="false" window-id="6138">
              <android.view.ViewGroup index="0" package="com.juvomos.pos" class="android.view.ViewGroup" text="" resource-id="com.juvomos.pos:id/app_bar_main" checkable="false" checked="false" clickable="false" enabled="true" focusable="false" focused="false" long-clickable="false" password="false" scrollable="false" selected="false" bounds="[0,45][720,1510]" displayed="true" a11y-important="true" screen-reader-focusable="false" drawing-order="1" showing-hint="false" text-entry-key="false" dismissable="false" a11y-focused="false" heading="false" live-region="0" context-clickable="false" content-invalid="false" window-id="6138">
                <android.view.ViewGroup index="0" package="com.juvomos.pos" class="android.view.ViewGroup" text="" resource-id="com.juvomos.pos:id/layout_toolbar_general" checkable="false" checked="false" clickable="false" enabled="true" focusable="false" focused="false" long-clickable="false" password="false" scrollable="false" selected="false" bounds="[0,45][720,150]" displayed="true" a11y-important="false" screen-reader-focusable="false" drawing-order="2" showing-hint="false" text-entry-key="false" dismissable="false" a11y-focused="false" heading="false" live-region="0" context-clickable="false" content-invalid="false" window-id="6138">
                  <android.widget.ImageView index="0" package="com.juvomos.pos" class="android.widget.ImageView" text="" checkable="false" checked="false" clickable="false" enabled="true" focusable="false" focused="false" long-clickable="false" password="false" scrollable="false" selected="false" bounds="[30,64][313,130]" displayed="true" a11y-important="false" screen-reader-focusable="false" drawing-order="1" showing-hint="false" text-entry-key="false" dismissable="false" a11y-focused="false" heading="false" live-region="0" context-clickable="false" content-invalid="false" window-id="6138" />
                  <androidx.appcompat.widget.LinearLayoutCompat index="1" package="com.juvomos.pos" class="androidx.appcompat.widget.LinearLayoutCompat" text="" checkable="false" checked="false" clickable="false" enabled="true" focusable="false" focused="false" long-clickable="false" password="false" scrollable="false" selected="false" bounds="[428,45][720,150]" displayed="true" a11y-important="false" screen-reader-focusable="false" drawing-order="2" showing-hint="false" text-entry-key="false" dismissable="false" a11y-focused="false" heading="false" live-region="0" context-clickable="false" content-invalid="false" window-id="6138">
                    <android.widget.Button index="0" package="com.juvomos.pos" class="android.widget.Button" text="" content-desc="Encendido" resource-id="com.juvomos.pos:id/menuButtonSettings" checkable="false" checked="false" clickable="true" enabled="true" focusable="true" focused="false" long-clickable="false" password="false" scrollable="false" selected="false" bounds="[428,52][519,142]" displayed="true" a11y-important="true" screen-reader-focusable="false" drawing-order="1" showing-hint="false" text-entry-key="false" dismissable="false" a11y-focused="false" heading="false" live-region="0" context-clickable="false" content-invalid="false" tooltip-text="Encendido" window-id="6138" />
                    <android.widget.Button index="1" package="com.juvomos.pos" class="android.widget.Button" text="" content-desc="Encendido" resource-id="com.juvomos.pos:id/idConnectionOnButton" checkable="false" checked="false" clickable="true" enabled="true" focusable="true" focused="false" long-clickable="false" password="false" scrollable="false" selected="false" bounds="[519,52][614,142]" displayed="true" a11y-important="true" screen-reader-focusable="false" drawing-order="2" showing-hint="false" text-entry-key="false" dismissable="false" a11y-focused="false" heading="false" live-region="0" context-clickable="false" content-invalid="false" tooltip-text="Encendido" window-id="6138" />
                    <android.widget.Button index="2" package="com.juvomos.pos" class="android.widget.Button" text="" content-desc="Notificación" resource-id="com.juvomos.pos:id/idNotificationOffButton" checkable="false" checked="false" clickable="true" enabled="true" focusable="true" focused="false" long-clickable="false" password="false" scrollable="false" selected="false" bounds="[614,52][720,142]" displayed="true" a11y-important="true" screen-reader-focusable="false" drawing-order="3" showing-hint="false" text-entry-key="false" dismissable="false" a11y-focused="false" heading="false" live-region="0" context-clickable="false" content-invalid="false" tooltip-text="Notificación" window-id="6138" />
                  </androidx.appcompat.widget.LinearLayoutCompat>
                </android.view.ViewGroup>
                <android.view.ViewGroup index="1" package="com.juvomos.pos" class="android.view.ViewGroup" text="" checkable="false" checked="false" clickable="false" enabled="true" focusable="false" focused="false" long-clickable="false" password="false" scrollable="false" selected="false" bounds="[0,176][720,1510]" displayed="true" a11y-important="false" screen-reader-focusable="false" drawing-order="1" showing-hint="false" text-entry-key="false" dismissable="false" a11y-focused="false" heading="false" live-region="0" context-clickable="false" content-invalid="false" window-id="6138">
                  <android.widget.FrameLayout index="0" package="com.juvomos.pos" class="android.widget.FrameLayout" text="" resource-id="com.juvomos.pos:id/idContainerFragmentNavigation" checkable="false" checked="false" clickable="false" enabled="true" focusable="false" focused="false" long-clickable="false" password="false" scrollable="false" selected="false" bounds="[0,176][720,1510]" displayed="true" a11y-important="false" screen-reader-focusable="false" drawing-order="1" showing-hint="false" text-entry-key="false" dismissable="false" a11y-focused="false" heading="false" live-region="0" context-clickable="false" content-invalid="false" window-id="6138">
                    <android.widget.FrameLayout index="0" package="com.juvomos.pos" class="android.widget.FrameLayout" text="" resource-id="com.juvomos.pos:id/idContainerFragmentNavigation" checkable="false" checked="false" clickable="false" enabled="true" focusable="false" focused="false" long-clickable="false" password="false" scrollable="false" selected="false" bounds="[0,176][720,1510]" displayed="true" a11y-important="false" screen-reader-focusable="false" drawing-order="1" showing-hint="false" text-entry-key="false" dismissable="false" a11y-focused="false" heading="false" live-region="0" context-clickable="false" content-invalid="false" window-id="6138">
                      <android.view.ViewGroup index="0" package="com.juvomos.pos" class="android.view.ViewGroup" text="" resource-id="com.juvomos.pos:id/main_layout" checkable="false" checked="false" clickable="false" enabled="true" focusable="false" focused="false" long-clickable="false" password="false" scrollable="false" selected="false" bounds="[0,176][720,1510]" displayed="true" a11y-important="false" screen-reader-focusable="false" drawing-order="1" showing-hint="false" text-entry-key="false" dismissable="false" a11y-focused="false" heading="false" live-region="0" context-clickable="false" content-invalid="false" window-id="6138">
                        <android.widget.FrameLayout index="0" package="com.juvomos.pos" class="android.widget.FrameLayout" text="" resource-id="com.juvomos.pos:id/pointSale_container_right_supplementary" checkable="false" checked="false" clickable="false" enabled="true" focusable="false" focused="false" long-clickable="false" password="false" scrollable="false" selected="false" bounds="[19,195][701,1491]" displayed="true" a11y-important="false" screen-reader-focusable="false" drawing-order="3" showing-hint="false" text-entry-key="false" dismissable="false" a11y-focused="false" heading="false" live-region="0" context-clickable="false" content-invalid="false" window-id="6138">
                          <android.view.ViewGroup index="0" package="com.juvomos.pos" class="android.view.ViewGroup" text="" checkable="false" checked="false" clickable="false" enabled="true" focusable="false" focused="false" long-clickable="false" password="false" scrollable="false" selected="false" bounds="[19,195][701,1491]" displayed="true" a11y-important="false" screen-reader-focusable="false" drawing-order="1" showing-hint="false" text-entry-key="false" dismissable="false" a11y-focused="false" heading="false" live-region="0" context-clickable="false" content-invalid="false" window-id="6138">
                            <android.view.ViewGroup index="0" package="com.juvomos.pos" class="android.view.ViewGroup" text="" checkable="false" checked="false" clickable="false" enabled="true" focusable="false" focused="false" long-clickable="false" password="false" scrollable="false" selected="false" bounds="[19,195][701,1491]" displayed="true" a11y-important="false" screen-reader-focusable="false" drawing-order="1" showing-hint="false" text-entry-key="false" dismissable="false" a11y-focused="false" heading="false" live-region="0" context-clickable="false" content-invalid="false" window-id="6138">
                              <android.view.ViewGroup index="0" package="com.juvomos.pos" class="android.view.ViewGroup" text="" resource-id="com.juvomos.pos:id/headerItemSelect" checkable="false" checked="false" clickable="false" enabled="true" focusable="false" focused="false" long-clickable="false" password="false" scrollable="false" selected="false" bounds="[38,214][682,300]" displayed="true" a11y-important="false" screen-reader-focusable="false" drawing-order="1" showing-hint="false" text-entry-key="false" dismissable="false" a11y-focused="false" heading="false" live-region="0" context-clickable="false" content-invalid="false" window-id="6138">
                                <android.widget.TextView index="0" package="com.juvomos.pos" class="android.widget.TextView" text="Burger Tender " resource-id="com.juvomos.pos:id/itemName" checkable="false" checked="false" clickable="false" enabled="true" focusable="false" focused="false" long-clickable="false" password="false" scrollable="false" selected="false" bounds="[62,238][245,276]" displayed="true" a11y-important="true" screen-reader-focusable="false" drawing-order="1" showing-hint="false" text-entry-key="false" dismissable="false" a11y-focused="false" heading="false" live-region="0" context-clickable="false" content-invalid="false" window-id="6138" />
                                <android.view.View index="1" package="com.juvomos.pos" class="android.view.View" text="" resource-id="com.juvomos.pos:id/itemOptionBar" checkable="false" checked="false" clickable="false" enabled="true" focusable="false" focused="false" long-clickable="false" password="false" scrollable="false" selected="false" bounds="[262,229][264,285]" displayed="true" a11y-important="false" screen-reader-focusable="false" drawing-order="2" showing-hint="false" text-entry-key="false" dismissable="false" a11y-focused="false" heading="false" live-region="0" context-clickable="false" content-invalid="false" window-id="6138" />
                                <android.widget.TextView index="2" package="com.juvomos.pos" class="android.widget.TextView" text="Opciones Del Articulo" resource-id="com.juvomos.pos:id/itemOptionText" checkable="false" checked="false" clickable="false" enabled="true" focusable="false" focused="false" long-clickable="false" password="false" scrollable="false" selected="false" bounds="[279,240][523,274]" displayed="true" a11y-important="true" screen-reader-focusable="false" drawing-order="3" showing-hint="false" text-entry-key="false" dismissable="false" a11y-focused="false" heading="false" live-region="0" context-clickable="false" content-invalid="false" window-id="6138" />
                                <android.view.ViewGroup index="3" package="com.juvomos.pos" class="android.view.ViewGroup" text="" resource-id="com.juvomos.pos:id/closeItemOptions" checkable="false" checked="false" clickable="true" enabled="true" focusable="false" focused="false" long-clickable="false" password="false" scrollable="false" selected="false" bounds="[608,229][664,285]" displayed="true" a11y-important="true" screen-reader-focusable="false" drawing-order="4" showing-hint="false" text-entry-key="false" dismissable="false" a11y-focused="false" heading="false" live-region="0" context-clickable="false" content-invalid="false" window-id="6138">
                                  <android.widget.ImageView index="0" package="com.juvomos.pos" class="android.widget.ImageView" text="" content-desc="JuvoPOS" resource-id="com.juvomos.pos:id/imgCloseButtonSecondary" checkable="false" checked="false" clickable="false" enabled="true" focusable="false" focused="false" long-clickable="false" password="false" scrollable="false" selected="false" bounds="[608,229][664,285]" displayed="true" a11y-important="true" screen-reader-focusable="false" drawing-order="1" showing-hint="false" text-entry-key="false" dismissable="false" a11y-focused="false" heading="false" live-region="0" context-clickable="false" content-invalid="false" window-id="6138" />
                                </android.view.ViewGroup>
                              </android.view.ViewGroup>
                              <android.widget.LinearLayout index="1" package="com.juvomos.pos" class="android.widget.LinearLayout" text="" resource-id="com.juvomos.pos:id/quantityContainer" checkable="false" checked="false" clickable="false" enabled="true" focusable="false" focused="false" long-clickable="false" password="false" scrollable="false" selected="false" bounds="[220,328][501,446]" displayed="true" a11y-important="false" screen-reader-focusable="false" drawing-order="2" showing-hint="false" text-entry-key="false" dismissable="false" a11y-focused="false" heading="false" live-region="0" context-clickable="false" content-invalid="false" window-id="6138">
                                <android.widget.TextView index="0" package="com.juvomos.pos" class="android.widget.TextView" text="Cantidad" resource-id="com.juvomos.pos:id/quantityText" checkable="false" checked="false" clickable="false" enabled="true" focusable="false" focused="false" long-clickable="false" password="false" scrollable="false" selected="false" bounds="[220,328][501,362]" displayed="true" a11y-important="true" screen-reader-focusable="false" drawing-order="1" showing-hint="false" text-entry-key="false" dismissable="false" a11y-focused="false" heading="false" live-region="0" context-clickable="false" content-invalid="false" window-id="6138" />
                                <android.widget.RelativeLayout index="1" package="com.juvomos.pos" class="android.widget.RelativeLayout" text="" checkable="false" checked="false" clickable="false" enabled="true" focusable="false" focused="false" long-clickable="false" password="false" scrollable="false" selected="false" bounds="[220,362][501,446]" displayed="true" a11y-important="false" screen-reader-focusable="false" drawing-order="2" showing-hint="false" text-entry-key="false" dismissable="false" a11y-focused="false" heading="false" live-region="0" context-clickable="false" content-invalid="false" window-id="6138">
                                  <android.widget.LinearLayout index="0" package="com.juvomos.pos" class="android.widget.LinearLayout" text="" resource-id="com.juvomos.pos:id/quantityTable" checkable="false" checked="false" clickable="false" enabled="true" focusable="false" focused="false" long-clickable="false" password="false" scrollable="false" selected="false" bounds="[220,366][501,441]" displayed="true" a11y-important="false" screen-reader-focusable="false" drawing-order="1" showing-hint="false" text-entry-key="false" dismissable="false" a11y-focused="false" heading="false" live-region="0" context-clickable="false" content-invalid="false" window-id="6138">
                                    <android.widget.RelativeLayout index="0" package="com.juvomos.pos" class="android.widget.RelativeLayout" text="" resource-id="com.juvomos.pos:id/quantityLess" checkable="false" checked="false" clickable="true" enabled="true" focusable="false" focused="false" long-clickable="false" password="false" scrollable="false" selected="false" bounds="[220,366][295,441]" displayed="true" a11y-important="true" screen-reader-focusable="false" drawing-order="1" showing-hint="false" text-entry-key="false" dismissable="false" a11y-focused="false" heading="false" live-region="0" context-clickable="false" content-invalid="false" window-id="6138">
                                      <android.widget.ImageView index="0" package="com.juvomos.pos" class="android.widget.ImageView" text="" resource-id="com.juvomos.pos:id/imgDecrement" checkable="false" checked="false" clickable="false" enabled="true" focusable="false" focused="false" long-clickable="false" password="false" scrollable="false" selected="false" bounds="[234,380][281,427]" displayed="true" a11y-important="false" screen-reader-focusable="false" drawing-order="1" showing-hint="false" text-entry-key="false" dismissable="false" a11y-focused="false" heading="false" live-region="0" context-clickable="false" content-invalid="false" window-id="6138" />
                                    </android.widget.RelativeLayout>
                                    <android.widget.LinearLayout index="1" package="com.juvomos.pos" class="android.widget.LinearLayout" text="" checkable="false" checked="false" clickable="false" enabled="true" focusable="false" focused="false" long-clickable="false" password="false" scrollable="false" selected="false" bounds="[295,366][426,441]" displayed="true" a11y-important="false" screen-reader-focusable="false" drawing-order="2" showing-hint="false" text-entry-key="false" dismissable="false" a11y-focused="false" heading="false" live-region="0" context-clickable="false" content-invalid="false" window-id="6138">
                                      <android.widget.RelativeLayout index="0" package="com.juvomos.pos" class="android.widget.RelativeLayout" text="" resource-id="com.juvomos.pos:id/itemQuantityValue" checkable="false" checked="false" clickable="true" enabled="true" focusable="false" focused="false" long-clickable="false" password="false" scrollable="false" selected="false" bounds="[323,366][398,441]" displayed="true" a11y-important="true" screen-reader-focusable="false" drawing-order="1" showing-hint="false" text-entry-key="false" dismissable="false" a11y-focused="false" heading="false" live-region="0" context-clickable="false" content-invalid="false" window-id="6138">
                                        <android.widget.TextView index="0" package="com.juvomos.pos" class="android.widget.TextView" text="1" resource-id="com.juvomos.pos:id/quantityValueText" checkable="false" checked="false" clickable="false" enabled="true" focusable="false" focused="false" long-clickable="false" password="false" scrollable="false" selected="false" bounds="[352,379][368,428]" displayed="true" a11y-important="true" screen-reader-focusable="false" drawing-order="1" showing-hint="false" text-entry-key="false" dismissable="false" a11y-focused="false" heading="false" live-region="0" context-clickable="false" content-invalid="false" window-id="6138" />
                                      </android.widget.RelativeLayout>
                                    </android.widget.LinearLayout>
                                    <android.widget.RelativeLayout index="2" package="com.juvomos.pos" class="android.widget.RelativeLayout" text="" resource-id="com.juvomos.pos:id/quantityPlus" checkable="false" checked="false" clickable="true" enabled="true" focusable="false" focused="false" long-clickable="false" password="false" scrollable="false" selected="false" bounds="[426,366][501,441]" displayed="true" a11y-important="true" screen-reader-focusable="false" drawing-order="3" showing-hint="false" text-entry-key="false" dismissable="false" a11y-focused="false" heading="false" live-region="0" context-clickable="false" content-invalid="false" window-id="6138">
                                      <android.widget.ImageView index="0" package="com.juvomos.pos" class="android.widget.ImageView" text="" resource-id="com.juvomos.pos:id/imgIncrement" checkable="false" checked="false" clickable="false" enabled="true" focusable="false" focused="false" long-clickable="false" password="false" scrollable="false" selected="false" bounds="[440,380][487,427]" displayed="true" a11y-important="false" screen-reader-focusable="false" drawing-order="1" showing-hint="false" text-entry-key="false" dismissable="false" a11y-focused="false" heading="false" live-region="0" context-clickable="false" content-invalid="false" window-id="6138" />
                                    </android.widget.RelativeLayout>
                                  </android.widget.LinearLayout>
                                </android.widget.RelativeLayout>
                              </android.widget.LinearLayout>
                              <android.widget.FrameLayout index="2" package="com.juvomos.pos" class="android.widget.FrameLayout" text="" checkable="false" checked="false" clickable="false" enabled="true" focusable="false" focused="false" long-clickable="false" password="false" scrollable="false" selected="false" bounds="[38,446][682,1472]" displayed="true" a11y-important="false" screen-reader-focusable="false" drawing-order="3" showing-hint="false" text-entry-key="false" dismissable="false" a11y-focused="false" heading="false" live-region="0" context-clickable="false" content-invalid="false" window-id="6138">
                                <android.view.ViewGroup index="0" package="com.juvomos.pos" class="android.view.ViewGroup" text="" resource-id="com.juvomos.pos:id/itemOptions" checkable="false" checked="false" clickable="false" enabled="true" focusable="false" focused="false" long-clickable="false" password="false" scrollable="false" selected="false" bounds="[38,446][682,1472]" displayed="true" a11y-important="false" screen-reader-focusable="false" drawing-order="1" showing-hint="false" text-entry-key="false" dismissable="false" a11y-focused="false" heading="false" live-region="0" context-clickable="false" content-invalid="false" window-id="6138">
                                  <android.widget.ScrollView index="0" package="com.juvomos.pos" class="android.widget.ScrollView" text="" checkable="false" checked="false" clickable="false" enabled="true" focusable="true" focused="false" long-clickable="false" password="false" scrollable="true" selected="false" bounds="[38,446][682,1472]" displayed="true" a11y-important="true" screen-reader-focusable="false" drawing-order="1" showing-hint="false" text-entry-key="false" dismissable="false" a11y-focused="false" heading="false" live-region="0" context-clickable="false" content-invalid="false" window-id="6138">
                                    <android.widget.LinearLayout index="0" package="com.juvomos.pos" class="android.widget.LinearLayout" text="" checkable="false" checked="false" clickable="false" enabled="true" focusable="false" focused="false" long-clickable="false" password="false" scrollable="false" selected="false" bounds="[38,446][682,1472]" displayed="true" a11y-important="false" screen-reader-focusable="false" drawing-order="1" showing-hint="false" text-entry-key="false" dismissable="false" a11y-focused="false" heading="false" live-region="0" context-clickable="false" content-invalid="false" window-id="6138">
                                      <android.widget.LinearLayout index="0" package="com.juvomos.pos" class="android.widget.LinearLayout" text="" checkable="false" checked="false" clickable="false" enabled="true" focusable="false" focused="false" long-clickable="false" password="false" scrollable="false" selected="false" bounds="[38,465][682,634]" displayed="true" a11y-important="false" screen-reader-focusable="false" drawing-order="1" showing-hint="false" text-entry-key="false" dismissable="false" a11y-focused="false" heading="false" live-region="0" context-clickable="false" content-invalid="false" window-id="6138">
                                        <android.widget.LinearLayout index="0" package="com.juvomos.pos" class="android.widget.LinearLayout" text="" resource-id="com.juvomos.pos:id/btnModifiers" checkable="false" checked="false" clickable="true" enabled="true" focusable="false" focused="false" long-clickable="false" password="false" scrollable="false" selected="false" bounds="[135,465][341,634]" displayed="true" a11y-important="true" screen-reader-focusable="false" drawing-order="1" showing-hint="false" text-entry-key="false" dismissable="false" a11y-focused="false" heading="false" live-region="0" context-clickable="false" content-invalid="false" window-id="6138">
                                          <android.widget.ImageView index="0" package="com.juvomos.pos" class="android.widget.ImageView" text="" content-desc="JuvoPOS" resource-id="com.juvomos.pos:id/modifiersImage" checkable="false" checked="false" clickable="false" enabled="true" focusable="false" focused="false" long-clickable="false" password="false" scrollable="false" selected="false" bounds="[214,484][261,531]" displayed="true" a11y-important="true" screen-reader-focusable="false" drawing-order="1" showing-hint="false" text-entry-key="false" dismissable="false" a11y-focused="false" heading="false" live-region="0" context-clickable="false" content-invalid="false" window-id="6138" />
                                          <android.widget.TextView index="1" package="com.juvomos.pos" class="android.widget.TextView" text="Modificadores" resource-id="com.juvomos.pos:id/modifiersText" checkable="false" checked="false" clickable="false" enabled="true" focusable="false" focused="false" long-clickable="false" password="false" scrollable="false" selected="false" bounds="[135,550][341,584]" displayed="true" a11y-important="true" screen-reader-focusable="false" drawing-order="2" showing-hint="false" text-entry-key="false" dismissable="false" a11y-focused="false" heading="false" live-region="0" context-clickable="false" content-invalid="false" window-id="6138" />
                                        </android.widget.LinearLayout>
                                        <android.widget.LinearLayout index="1" package="com.juvomos.pos" class="android.widget.LinearLayout" text="" resource-id="com.juvomos.pos:id/btnRepeat" checkable="false" checked="false" clickable="true" enabled="true" focusable="false" focused="false" long-clickable="false" password="false" scrollable="false" selected="false" bounds="[379,465][585,634]" displayed="true" a11y-important="true" screen-reader-focusable="false" drawing-order="2" showing-hint="false" text-entry-key="false" dismissable="false" a11y-focused="false" heading="false" live-region="0" context-clickable="false" content-invalid="false" window-id="6138">
                                          <android.widget.ImageView index="0" package="com.juvomos.pos" class="android.widget.ImageView" text="" content-desc="JuvoPOS" resource-id="com.juvomos.pos:id/repeatImage" checkable="false" checked="false" clickable="false" enabled="true" focusable="false" focused="false" long-clickable="false" password="false" scrollable="false" selected="false" bounds="[458,484][505,531]" displayed="true" a11y-important="true" screen-reader-focusable="false" drawing-order="1" showing-hint="false" text-entry-key="false" dismissable="false" a11y-focused="false" heading="false" live-region="0" context-clickable="false" content-invalid="false" window-id="6138" />
                                          <android.widget.TextView index="1" package="com.juvomos.pos" class="android.widget.TextView" text="Repetir" resource-id="com.juvomos.pos:id/repeatText" checkable="false" checked="false" clickable="false" enabled="true" focusable="false" focused="false" long-clickable="false" password="false" scrollable="false" selected="false" bounds="[379,550][585,584]" displayed="true" a11y-important="true" screen-reader-focusable="false" drawing-order="2" showing-hint="false" text-entry-key="false" dismissable="false" a11y-focused="false" heading="false" live-region="0" context-clickable="false" content-invalid="false" window-id="6138" />
                                        </android.widget.LinearLayout>
                                      </android.widget.LinearLayout>
                                      <android.widget.LinearLayout index="1" package="com.juvomos.pos" class="android.widget.LinearLayout" text="" checkable="false" checked="false" clickable="false" enabled="true" focusable="false" focused="false" long-clickable="false" password="false" scrollable="false" selected="false" bounds="[38,653][682,822]" displayed="true" a11y-important="false" screen-reader-focusable="false" drawing-order="2" showing-hint="false" text-entry-key="false" dismissable="false" a11y-focused="false" heading="false" live-region="0" context-clickable="false" content-invalid="false" window-id="6138">
                                        <android.widget.LinearLayout index="0" package="com.juvomos.pos" class="android.widget.LinearLayout" text="" resource-id="com.juvomos.pos:id/btnVoid" checkable="false" checked="false" clickable="true" enabled="true" focusable="false" focused="false" long-clickable="false" password="false" scrollable="false" selected="false" bounds="[135,653][341,822]" displayed="true" a11y-important="true" screen-reader-focusable="false" drawing-order="1" showing-hint="false" text-entry-key="false" dismissable="false" a11y-focused="false" heading="false" live-region="0" context-clickable="false" content-invalid="false" window-id="6138">
                                          <android.widget.ImageView index="0" package="com.juvomos.pos" class="android.widget.ImageView" text="" content-desc="JuvoPOS" resource-id="com.juvomos.pos:id/voidImage" checkable="false" checked="false" clickable="false" enabled="true" focusable="false" focused="false" long-clickable="false" password="false" scrollable="false" selected="false" bounds="[214,672][261,719]" displayed="true" a11y-important="true" screen-reader-focusable="false" drawing-order="1" showing-hint="false" text-entry-key="false" dismissable="false" a11y-focused="false" heading="false" live-region="0" context-clickable="false" content-invalid="false" window-id="6138" />
                                          <android.widget.TextView index="1" package="com.juvomos.pos" class="android.widget.TextView" text="Anular" resource-id="com.juvomos.pos:id/voidText" checkable="false" checked="false" clickable="false" enabled="true" focusable="false" focused="false" long-clickable="false" password="false" scrollable="false" selected="false" bounds="[135,738][341,772]" displayed="true" a11y-important="true" screen-reader-focusable="false" drawing-order="2" showing-hint="false" text-entry-key="false" dismissable="false" a11y-focused="false" heading="false" live-region="0" context-clickable="false" content-invalid="false" window-id="6138" />
                                        </android.widget.LinearLayout>
                                        <android.widget.LinearLayout index="1" package="com.juvomos.pos" class="android.widget.LinearLayout" text="" resource-id="com.juvomos.pos:id/btnDiscount" checkable="false" checked="false" clickable="true" enabled="true" focusable="false" focused="false" long-clickable="false" password="false" scrollable="false" selected="false" bounds="[379,653][585,822]" displayed="true" a11y-important="true" screen-reader-focusable="false" drawing-order="2" showing-hint="false" text-entry-key="false" dismissable="false" a11y-focused="false" heading="false" live-region="0" context-clickable="false" content-invalid="false" window-id="6138">
                                          <android.widget.ImageView index="0" package="com.juvomos.pos" class="android.widget.ImageView" text="" content-desc="JuvoPOS" checkable="false" checked="false" clickable="false" enabled="true" focusable="false" focused="false" long-clickable="false" password="false" scrollable="false" selected="false" bounds="[458,672][505,719]" displayed="true" a11y-important="true" screen-reader-focusable="false" drawing-order="1" showing-hint="false" text-entry-key="false" dismissable="false" a11y-focused="false" heading="false" live-region="0" context-clickable="false" content-invalid="false" window-id="6138" />
                                          <android.widget.TextView index="1" package="com.juvomos.pos" class="android.widget.TextView" text="Descuentos" resource-id="com.juvomos.pos:id/discountText" checkable="false" checked="false" clickable="false" enabled="true" focusable="false" focused="false" long-clickable="false" password="false" scrollable="false" selected="false" bounds="[379,738][585,772]" displayed="true" a11y-important="true" screen-reader-focusable="false" drawing-order="2" showing-hint="false" text-entry-key="false" dismissable="false" a11y-focused="false" heading="false" live-region="0" context-clickable="false" content-invalid="false" window-id="6138" />
                                        </android.widget.LinearLayout>
                                      </android.widget.LinearLayout>
                                      <android.widget.LinearLayout index="2" package="com.juvomos.pos" class="android.widget.LinearLayout" text="" checkable="false" checked="false" clickable="false" enabled="true" focusable="false" focused="false" long-clickable="false" password="false" scrollable="false" selected="false" bounds="[38,841][682,1010]" displayed="true" a11y-important="false" screen-reader-focusable="false" drawing-order="3" showing-hint="false" text-entry-key="false" dismissable="false" a11y-focused="false" heading="false" live-region="0" context-clickable="false" content-invalid="false" window-id="6138">
                                        <android.widget.LinearLayout index="0" package="com.juvomos.pos" class="android.widget.LinearLayout" text="" resource-id="com.juvomos.pos:id/btnKitchenComment" checkable="false" checked="false" clickable="true" enabled="true" focusable="false" focused="false" long-clickable="false" password="false" scrollable="false" selected="false" bounds="[135,841][341,1010]" displayed="true" a11y-important="true" screen-reader-focusable="false" drawing-order="1" showing-hint="false" text-entry-key="false" dismissable="false" a11y-focused="false" heading="false" live-region="0" context-clickable="false" content-invalid="false" window-id="6138">
                                          <android.widget.ImageView index="0" package="com.juvomos.pos" class="android.widget.ImageView" text="" content-desc="JuvoPOS" resource-id="com.juvomos.pos:id/kitchenComment" checkable="false" checked="false" clickable="false" enabled="true" focusable="false" focused="false" long-clickable="false" password="false" scrollable="false" selected="false" bounds="[214,860][261,907]" displayed="true" a11y-important="true" screen-reader-focusable="false" drawing-order="1" showing-hint="false" text-entry-key="false" dismissable="false" a11y-focused="false" heading="false" live-region="0" context-clickable="false" content-invalid="false" window-id="6138" />
                                          <android.widget.TextView index="1" package="com.juvomos.pos" class="android.widget.TextView" text="Comentarios" resource-id="com.juvomos.pos:id/kitchenText" checkable="false" checked="false" clickable="false" enabled="true" focusable="false" focused="false" long-clickable="false" password="false" scrollable="false" selected="false" bounds="[135,926][341,960]" displayed="true" a11y-important="true" screen-reader-focusable="false" drawing-order="2" showing-hint="false" text-entry-key="false" dismissable="false" a11y-focused="false" heading="false" live-region="0" context-clickable="false" content-invalid="false" window-id="6138" />
                                        </android.widget.LinearLayout>
                                        <android.widget.LinearLayout index="1" package="com.juvomos.pos" class="android.widget.LinearLayout" text="" resource-id="com.juvomos.pos:id/btnResend" checkable="false" checked="false" clickable="true" enabled="true" focusable="false" focused="false" long-clickable="false" password="false" scrollable="false" selected="false" bounds="[379,841][585,1010]" displayed="true" a11y-important="true" screen-reader-focusable="false" drawing-order="2" showing-hint="false" text-entry-key="false" dismissable="false" a11y-focused="false" heading="false" live-region="0" context-clickable="false" content-invalid="false" window-id="6138">
                                          <android.widget.ImageView index="0" package="com.juvomos.pos" class="android.widget.ImageView" text="" content-desc="JuvoPOS" resource-id="com.juvomos.pos:id/resendImage2" checkable="false" checked="false" clickable="false" enabled="true" focusable="false" focused="false" long-clickable="false" password="false" scrollable="false" selected="false" bounds="[458,860][505,907]" displayed="true" a11y-important="true" screen-reader-focusable="false" drawing-order="1" showing-hint="false" text-entry-key="false" dismissable="false" a11y-focused="false" heading="false" live-region="0" context-clickable="false" content-invalid="false" window-id="6138" />
                                          <android.widget.TextView index="1" package="com.juvomos.pos" class="android.widget.TextView" text="Reenviar a cocina" resource-id="com.juvomos.pos:id/resendText" checkable="false" checked="false" clickable="false" enabled="true" focusable="false" focused="false" long-clickable="false" password="false" scrollable="false" selected="false" bounds="[379,926][585,960]" displayed="true" a11y-important="true" screen-reader-focusable="false" drawing-order="2" showing-hint="false" text-entry-key="false" dismissable="false" a11y-focused="false" heading="false" live-region="0" context-clickable="false" content-invalid="false" window-id="6138" />
                                        </android.widget.LinearLayout>
                                      </android.widget.LinearLayout>
                                      <android.widget.LinearLayout index="3" package="com.juvomos.pos" class="android.widget.LinearLayout" text="" checkable="false" checked="false" clickable="false" enabled="true" focusable="false" focused="false" long-clickable="false" password="false" scrollable="false" selected="false" bounds="[38,1029][682,1198]" displayed="true" a11y-important="false" screen-reader-focusable="false" drawing-order="4" showing-hint="false" text-entry-key="false" dismissable="false" a11y-focused="false" heading="false" live-region="0" context-clickable="false" content-invalid="false" window-id="6138">
                                        <android.widget.LinearLayout index="0" package="com.juvomos.pos" class="android.widget.LinearLayout" text="" resource-id="com.juvomos.pos:id/btnToGo" checkable="false" checked="false" clickable="true" enabled="true" focusable="false" focused="false" long-clickable="false" password="false" scrollable="false" selected="false" bounds="[135,1029][341,1198]" displayed="true" a11y-important="true" screen-reader-focusable="false" drawing-order="1" showing-hint="false" text-entry-key="false" dismissable="false" a11y-focused="false" heading="false" live-region="0" context-clickable="false" content-invalid="false" window-id="6138">
                                          <android.widget.ImageView index="0" package="com.juvomos.pos" class="android.widget.ImageView" text="" content-desc="JuvoPOS" resource-id="com.juvomos.pos:id/toGoImage" checkable="false" checked="false" clickable="false" enabled="true" focusable="false" focused="false" long-clickable="false" password="false" scrollable="false" selected="false" bounds="[214,1048][261,1095]" displayed="true" a11y-important="true" screen-reader-focusable="false" drawing-order="1" showing-hint="false" text-entry-key="false" dismissable="false" a11y-focused="false" heading="false" live-region="0" context-clickable="false" content-invalid="false" window-id="6138" />
                                          <android.widget.TextView index="1" package="com.juvomos.pos" class="android.widget.TextView" text="Para llevar" resource-id="com.juvomos.pos:id/toGoText" checkable="false" checked="false" clickable="false" enabled="true" focusable="false" focused="false" long-clickable="false" password="false" scrollable="false" selected="false" bounds="[135,1114][341,1148]" displayed="true" a11y-important="true" screen-reader-focusable="false" drawing-order="2" showing-hint="false" text-entry-key="false" dismissable="false" a11y-focused="false" heading="false" live-region="0" context-clickable="false" content-invalid="false" window-id="6138" />
                                        </android.widget.LinearLayout>
                                        <android.widget.LinearLayout index="1" package="com.juvomos.pos" class="android.widget.LinearLayout" text="" resource-id="com.juvomos.pos:id/btnTaxExempt" checkable="false" checked="false" clickable="true" enabled="true" focusable="false" focused="false" long-clickable="false" password="false" scrollable="false" selected="false" bounds="[379,1029][585,1198]" displayed="true" a11y-important="true" screen-reader-focusable="false" drawing-order="2" showing-hint="false" text-entry-key="false" dismissable="false" a11y-focused="false" heading="false" live-region="0" context-clickable="false" content-invalid="false" window-id="6138">
                                          <android.widget.ImageView index="0" package="com.juvomos.pos" class="android.widget.ImageView" text="" content-desc="JuvoPOS" checkable="false" checked="false" clickable="false" enabled="true" focusable="false" focused="false" long-clickable="false" password="false" scrollable="false" selected="false" bounds="[458,1048][505,1095]" displayed="true" a11y-important="true" screen-reader-focusable="false" drawing-order="1" showing-hint="false" text-entry-key="false" dismissable="false" a11y-focused="false" heading="false" live-region="0" context-clickable="false" content-invalid="false" window-id="6138" />
                                          <android.widget.TextView index="1" package="com.juvomos.pos" class="android.widget.TextView" text="Exento IVA" resource-id="com.juvomos.pos:id/taxExemptText" checkable="false" checked="false" clickable="false" enabled="true" focusable="false" focused="false" long-clickable="false" password="false" scrollable="false" selected="false" bounds="[379,1114][585,1148]" displayed="true" a11y-important="true" screen-reader-focusable="false" drawing-order="2" showing-hint="false" text-entry-key="false" dismissable="false" a11y-focused="false" heading="false" live-region="0" context-clickable="false" content-invalid="false" window-id="6138" />
                                        </android.widget.LinearLayout>
                                      </android.widget.LinearLayout>
                                      <android.widget.LinearLayout index="4" package="com.juvomos.pos" class="android.widget.LinearLayout" text="" checkable="false" checked="false" clickable="false" enabled="true" focusable="false" focused="false" long-clickable="false" password="false" scrollable="false" selected="false" bounds="[38,1217][682,1386]" displayed="true" a11y-important="false" screen-reader-focusable="false" drawing-order="5" showing-hint="false" text-entry-key="false" dismissable="false" a11y-focused="false" heading="false" live-region="0" context-clickable="false" content-invalid="false" window-id="6138">
                                        <android.widget.LinearLayout index="0" package="com.juvomos.pos" class="android.widget.LinearLayout" text="" resource-id="com.juvomos.pos:id/btnHolItem" checkable="false" checked="false" clickable="true" enabled="true" focusable="false" focused="false" long-clickable="false" password="false" scrollable="false" selected="false" bounds="[135,1217][341,1386]" displayed="true" a11y-important="true" screen-reader-focusable="false" drawing-order="1" showing-hint="false" text-entry-key="false" dismissable="false" a11y-focused="false" heading="false" live-region="0" context-clickable="false" content-invalid="false" window-id="6138">
                                          <android.widget.ImageView index="0" package="com.juvomos.pos" class="android.widget.ImageView" text="" content-desc="JuvoPOS" resource-id="com.juvomos.pos:id/imgHold" checkable="false" checked="false" clickable="false" enabled="true" focusable="false" focused="false" long-clickable="false" password="false" scrollable="false" selected="false" bounds="[214,1236][261,1283]" displayed="true" a11y-important="true" screen-reader-focusable="false" drawing-order="1" showing-hint="false" text-entry-key="false" dismissable="false" a11y-focused="false" heading="false" live-region="0" context-clickable="false" content-invalid="false" window-id="6138" />
                                          <android.widget.TextView index="1" package="com.juvomos.pos" class="android.widget.TextView" text="Esperar" resource-id="com.juvomos.pos:id/txtHold" checkable="false" checked="false" clickable="false" enabled="true" focusable="false" focused="false" long-clickable="false" password="false" scrollable="false" selected="false" bounds="[135,1302][341,1336]" displayed="true" a11y-important="true" screen-reader-focusable="false" drawing-order="2" showing-hint="false" text-entry-key="false" dismissable="false" a11y-focused="false" heading="false" live-region="0" context-clickable="false" content-invalid="false" window-id="6138" />
                                        </android.widget.LinearLayout>
                                        <android.widget.LinearLayout index="1" package="com.juvomos.pos" class="android.widget.LinearLayout" text="" resource-id="com.juvomos.pos:id/btnFireItem" checkable="false" checked="false" clickable="true" enabled="true" focusable="false" focused="false" long-clickable="false" password="false" scrollable="false" selected="false" bounds="[379,1217][585,1386]" displayed="true" a11y-important="true" screen-reader-focusable="false" drawing-order="2" showing-hint="false" text-entry-key="false" dismissable="false" a11y-focused="false" heading="false" live-region="0" context-clickable="false" content-invalid="false" window-id="6138">
                                          <android.widget.ImageView index="0" package="com.juvomos.pos" class="android.widget.ImageView" text="" content-desc="JuvoPOS" resource-id="com.juvomos.pos:id/imgFire" checkable="false" checked="false" clickable="false" enabled="true" focusable="false" focused="false" long-clickable="false" password="false" scrollable="false" selected="false" bounds="[458,1236][505,1283]" displayed="true" a11y-important="true" screen-reader-focusable="false" drawing-order="1" showing-hint="false" text-entry-key="false" dismissable="false" a11y-focused="false" heading="false" live-region="0" context-clickable="false" content-invalid="false" window-id="6138" />
                                          <android.widget.TextView index="1" package="com.juvomos.pos" class="android.widget.TextView" text="Enviar a cocina" resource-id="com.juvomos.pos:id/txtFire" checkable="false" checked="false" clickable="false" enabled="true" focusable="false" focused="false" long-clickable="false" password="false" scrollable="false" selected="false" bounds="[379,1302][585,1336]" displayed="true" a11y-important="true" screen-reader-focusable="false" drawing-order="2" showing-hint="false" text-entry-key="false" dismissable="false" a11y-focused="false" heading="false" live-region="0" context-clickable="false" content-invalid="false" window-id="6138" />
                                        </android.widget.LinearLayout>
                                      </android.widget.LinearLayout>
                                      <android.widget.LinearLayout index="5" package="com.juvomos.pos" class="android.widget.LinearLayout" text="" checkable="false" checked="false" clickable="false" enabled="true" focusable="false" focused="false" long-clickable="false" password="false" scrollable="false" selected="false" bounds="[38,1405][682,1472]" displayed="true" a11y-important="false" screen-reader-focusable="false" drawing-order="6" showing-hint="false" text-entry-key="false" dismissable="false" a11y-focused="false" heading="false" live-region="0" context-clickable="false" content-invalid="false" window-id="6138">
                                        <android.widget.LinearLayout index="0" package="com.juvomos.pos" class="android.widget.LinearLayout" text="" resource-id="com.juvomos.pos:id/btnTransferItem" checkable="false" checked="false" clickable="true" enabled="true" focusable="false" focused="false" long-clickable="false" password="false" scrollable="false" selected="false" bounds="[135,1405][341,1472]" displayed="true" a11y-important="true" screen-reader-focusable="false" drawing-order="1" showing-hint="false" text-entry-key="false" dismissable="false" a11y-focused="false" heading="false" live-region="0" context-clickable="false" content-invalid="false" window-id="6138">
                                          <android.widget.ImageView index="0" package="com.juvomos.pos" class="android.widget.ImageView" text="" content-desc="JuvoPOS" resource-id="com.juvomos.pos:id/transferImage" checkable="false" checked="false" clickable="false" enabled="true" focusable="false" focused="false" long-clickable="false" password="false" scrollable="false" selected="false" bounds="[214,1424][261,1471]" displayed="true" a11y-important="true" screen-reader-focusable="false" drawing-order="1" showing-hint="false" text-entry-key="false" dismissable="false" a11y-focused="false" heading="false" live-region="0" context-clickable="false" content-invalid="false" window-id="6138" />
                                        </android.widget.LinearLayout>
                                        <android.widget.LinearLayout index="1" package="com.juvomos.pos" class="android.widget.LinearLayout" text="" resource-id="com.juvomos.pos:id/btnCountDownQry" checkable="false" checked="false" clickable="true" enabled="true" focusable="false" focused="false" long-clickable="false" password="false" scrollable="false" selected="false" bounds="[379,1405][585,1472]" displayed="true" a11y-important="true" screen-reader-focusable="false" drawing-order="2" showing-hint="false" text-entry-key="false" dismissable="false" a11y-focused="false" heading="false" live-region="0" context-clickable="false" content-invalid="false" window-id="6138">
                                          <android.widget.ImageView index="0" package="com.juvomos.pos" class="android.widget.ImageView" text="" content-desc="JuvoPOS" resource-id="com.juvomos.pos:id/countDownQryImage" checkable="false" checked="false" clickable="false" enabled="true" focusable="false" focused="false" long-clickable="false" password="false" scrollable="false" selected="false" bounds="[458,1424][505,1471]" displayed="true" a11y-important="true" screen-reader-focusable="false" drawing-order="1" showing-hint="false" text-entry-key="false" dismissable="false" a11y-focused="false" heading="false" live-region="0" context-clickable="false" content-invalid="false" window-id="6138" />
                                        </android.widget.LinearLayout>
                                      </android.widget.LinearLayout>
                                    </android.widget.LinearLayout>
                                  </android.widget.ScrollView>
                                </android.view.ViewGroup>
                              </android.widget.FrameLayout>
                            </android.view.ViewGroup>
                          </android.view.ViewGroup>
                        </android.widget.FrameLayout>
                      </android.view.ViewGroup>
                    </android.widget.FrameLayout>
                  </android.widget.FrameLayout>
                </android.view.ViewGroup>
              </android.view.ViewGroup>
            </androidx.drawerlayout.widget.DrawerLayout>
          </android.widget.FrameLayout>
        </android.widget.LinearLayout>
      </android.widget.FrameLayout>
    </android.widget.LinearLayout>
  </android.widget.FrameLayout>
</hierarchy>